reciter,surah_number,surah_name,ayah_number,audio_url,segment_number,start_time,end_time,duration
abdul-basit-abdul-samad-mujawwad-hafs-949,113,Al-Falaq,1,https://audio-cdn.tarteel.ai/quran/abdulBasitMujawwad/113001.mp3,4,5520,7760,2240
abdul-basit-abdul-samad-mujawwad-hafs-949,113,Al-Falaq,2,https://audio-cdn.tarteel.ai/quran/abdulBasitMujawwad/113002.mp3,4,5490,5590,100
abdul-basit-abdul-samad-mujawwad-hafs-949,84,Al-Inshiqaq,16,https://audio-cdn.tarteel.ai/quran/abdulBasitMujawwad/084016.mp3,3,5600,8560,2960
abdul-basit-abdul-samad-mujawwad-hafs-949,84,Al-Inshiqaq,17,https://audio-cdn.tarteel.ai/quran/abdulBasitMujawwad/084017.mp3,3,4720,5680,960
abdul-basit-abdul-samad-mujawwad-hafs-949,84,Al-Inshiqaq,18,https://audio-cdn.tarteel.ai/quran/abdulBasitMujawwad/084018.mp3,3,4160,5560,1400
abdul-basit-abdul-samad-mujawwad-hafs-949,84,Al-Inshiqaq,19,https://audio-cdn.tarteel.ai/quran/abdulBasitMujawwad/084019.mp3,4,8039,9999,1960
abdul-basit-abdul-samad-murattal-hafs-950,113,Al-Falaq,1,https://audio-cdn.tarteel.ai/quran/abdulBasitMurattal/113001.mp3,4,2960,4200,1240
abdul-basit-abdul-samad-murattal-hafs-950,113,Al-Falaq,2,https://audio-cdn.tarteel.ai/quran/abdulBasitMurattal/113002.mp3,4,2290,2390,100
abdul-basit-abdul-samad-murattal-hafs-950,84,Al-Inshiqaq,16,https://audio-cdn.tarteel.ai/quran/abdulBasitMurattal/084016.mp3,3,3040,4680,1640
abdul-basit-abdul-samad-murattal-hafs-950,84,Al-Inshiqaq,17,https://audio-cdn.tarteel.ai/quran/abdulBasitMurattal/084017.mp3,3,1880,2560,680
abdul-basit-abdul-samad-murattal-hafs-950,84,Al-Inshiqaq,18,https://audio-cdn.tarteel.ai/quran/abdulBasitMurattal/084018.mp3,3,1720,2640,920
abdul-basit-abdul-samad-murattal-hafs-950,84,Al-Inshiqaq,19,https://audio-cdn.tarteel.ai/quran/abdulBasitMurattal/084019.mp3,4,4640,5880,1240
abdul-rahman-al-sudais-murattal-hafs-951,113,Al-Falaq,1,https://audio-cdn.tarteel.ai/quran/abdulrahmanAlSudais/113001.mp3,4,2360,3160,800
abdul-rahman-al-sudais-murattal-hafs-951,113,Al-Falaq,2,https://audio-cdn.tarteel.ai/quran/abdulrahmanAlSudais/113002.mp3,4,1570,1670,100
abdul-rahman-al-sudais-murattal-hafs-951,84,Al-Inshiqaq,16,https://audio-cdn.tarteel.ai/quran/abdulrahmanAlSudais/084016.mp3,3,1480,2520,1040
abdul-rahman-al-sudais-murattal-hafs-951,84,Al-Inshiqaq,17,https://audio-cdn.tarteel.ai/quran/abdulrahmanAlSudais/084017.mp3,3,1240,1760,520
abdul-rahman-al-sudais-murattal-hafs-951,84,Al-Inshiqaq,18,https://audio-cdn.tarteel.ai/quran/abdulrahmanAlSudais/084018.mp3,3,1080,1800,720
abdul-rahman-al-sudais-murattal-hafs-951,84,Al-Inshiqaq,19,https://audio-cdn.tarteel.ai/quran/abdulrahmanAlSudais/084019.mp3,4,3320,4520,1200
abu-bakr-al-shatri-murattal-hafs-952,113,Al-Falaq,1,https://audio-cdn.tarteel.ai/quran/abuBakrAlShatri/113001.mp3,4,2040,3160,1120
abu-bakr-al-shatri-murattal-hafs-952,113,Al-Falaq,2,https://audio-cdn.tarteel.ai/quran/abuBakrAlShatri/113002.mp3,4,1570,1670,100
abu-bakr-al-shatri-murattal-hafs-952,84,Al-Inshiqaq,16,https://audio-cdn.tarteel.ai/quran/abuBakrAlShatri/084016.mp3,3,2240,3840,1600
abu-bakr-al-shatri-murattal-hafs-952,84,Al-Inshiqaq,17,https://audio-cdn.tarteel.ai/quran/abuBakrAlShatri/084017.mp3,3,1640,2320,680
abu-bakr-al-shatri-murattal-hafs-952,84,Al-Inshiqaq,18,https://audio-cdn.tarteel.ai/quran/abuBakrAlShatri/084018.mp3,3,1400,2280,880
abu-bakr-al-shatri-murattal-hafs-952,84,Al-Inshiqaq,19,https://audio-cdn.tarteel.ai/quran/abuBakrAlShatri/084019.mp3,4,3360,4640,1280
hani-ar-rifai-recitation-murattal-hafs-68,113,Al-Falaq,1,https://audio.qurancdn.com/Rifai/mp3/113001.mp3,4,2860,3730,870
hani-ar-rifai-recitation-murattal-hafs-68,113,Al-Falaq,2,https://audio.qurancdn.com/Rifai/mp3/113002.mp3,4,2150,2770,620
hani-ar-rifai-recitation-murattal-hafs-68,84,Al-Inshiqaq,16,https://audio.qurancdn.com/Rifai/mp3/084016.mp3,3,2540,3490,950
hani-ar-rifai-recitation-murattal-hafs-68,84,Al-Inshiqaq,17,https://audio.qurancdn.com/Rifai/mp3/084017.mp3,3,1590,2140,550
hani-ar-rifai-recitation-murattal-hafs-68,84,Al-Inshiqaq,18,https://audio.qurancdn.com/Rifai/mp3/084018.mp3,3,1500,2410,910
hani-ar-rifai-recitation-murattal-hafs-68,84,Al-Inshiqaq,19,https://audio.qurancdn.com/Rifai/mp3/084019.mp3,4,3820,4430,610
khalifa-al-tunaiji-murattal-hafs-958,113,Al-Falaq,1,https://audio-cdn.tarteel.ai/quran/khalifaAlTunaiji/113001.mp3,4,2560,3840,1280
khalifa-al-tunaiji-murattal-hafs-958,113,Al-Falaq,2,https://audio-cdn.tarteel.ai/quran/khalifaAlTunaiji/113002.mp3,4,2050,2150,100
khalifa-al-tunaiji-murattal-hafs-958,84,Al-Inshiqaq,16,https://audio-cdn.tarteel.ai/quran/khalifaAlTunaiji/084016.mp3,3,3040,4560,1520
khalifa-al-tunaiji-murattal-hafs-958,84,Al-Inshiqaq,17,https://audio-cdn.tarteel.ai/quran/khalifaAlTunaiji/084017.mp3,3,1920,2560,640
khalifa-al-tunaiji-murattal-hafs-958,84,Al-Inshiqaq,18,https://audio-cdn.tarteel.ai/quran/khalifaAlTunaiji/084018.mp3,3,1680,2440,760
khalifa-al-tunaiji-murattal-hafs-958,84,Al-Inshiqaq,19,https://audio-cdn.tarteel.ai/quran/khalifaAlTunaiji/084019.mp3,4,4320,5640,1320
maher-al-mu-aiqly-murattal-hafs-948,113,Al-Falaq,1,https://audio-cdn.tarteel.ai/quran/maherAlMuaiqly/113001.mp3,4,1680,2480,800
maher-al-mu-aiqly-murattal-hafs-948,113,Al-Falaq,2,https://audio-cdn.tarteel.ai/quran/maherAlMuaiqly/113002.mp3,4,1530,1630,100
maher-al-mu-aiqly-murattal-hafs-948,84,Al-Inshiqaq,16,https://audio-cdn.tarteel.ai/quran/maherAlMuaiqly/084016.mp3,3,2280,3400,1120
maher-al-mu-aiqly-murattal-hafs-948,84,Al-Inshiqaq,17,https://audio-cdn.tarteel.ai/quran/maherAlMuaiqly/084017.mp3,3,1280,1800,520
maher-al-mu-aiqly-murattal-hafs-948,84,Al-Inshiqaq,18,https://audio-cdn.tarteel.ai/quran/maherAlMuaiqly/084018.mp3,3,1160,1880,720
maher-al-mu-aiqly-murattal-hafs-948,84,Al-Inshiqaq,19,https://audio-cdn.tarteel.ai/quran/maherAlMuaiqly/084019.mp3,4,3360,4440,1080
mahmoud-khalil-al-husary-mujawwad-hafs-956,113,Al-Falaq,1,https://audio-cdn.tarteel.ai/quran/husaryMujawwad/113001.mp3,4,7160,9520,2360
mahmoud-khalil-al-husary-mujawwad-hafs-956,113,Al-Falaq,2,https://audio-cdn.tarteel.ai/quran/husaryMujawwad/113002.mp3,4,6130,6230,100
mahmoud-khalil-al-husary-mujawwad-hafs-956,84,Al-Inshiqaq,16,https://audio-cdn.tarteel.ai/quran/husaryMujawwad/084016.mp3,3,9080,11920,2840
mahmoud-khalil-al-husary-mujawwad-hafs-956,84,Al-Inshiqaq,17,https://audio-cdn.tarteel.ai/quran/husaryMujawwad/084017.mp3,3,5160,6240,1080
mahmoud-khalil-al-husary-mujawwad-hafs-956,84,Al-Inshiqaq,18,https://audio-cdn.tarteel.ai/quran/husaryMujawwad/084018.mp3,3,4640,6120,1480
mahmoud-khalil-al-husary-mujawwad-hafs-956,84,Al-Inshiqaq,19,https://audio-cdn.tarteel.ai/quran/husaryMujawwad/084019.mp3,4,7720,9720,2000
mahmoud-khalil-al-husary-murattal-hafs-955,113,Al-Falaq,1,https://audio-cdn.tarteel.ai/quran/husaryMuallim/113001.mp3,4,3240,6360,3120
mahmoud-khalil-al-husary-murattal-hafs-955,113,Al-Falaq,2,https://audio-cdn.tarteel.ai/quran/husaryMuallim/113002.mp3,4,2570,2670,100
mahmoud-khalil-al-husary-murattal-hafs-955,84,Al-Inshiqaq,16,https://audio-cdn.tarteel.ai/quran/husaryMuallim/084016.mp3,3,3360,7080,3720
mahmoud-khalil-al-husary-murattal-hafs-955,84,Al-Inshiqaq,17,https://audio-cdn.tarteel.ai/quran/husaryMuallim/084017.mp3,3,2640,3480,840
mahmoud-khalil-al-husary-murattal-hafs-955,84,Al-Inshiqaq,18,https://audio-cdn.tarteel.ai/quran/husaryMuallim/084018.mp3,3,2160,3320,1160
mahmoud-khalil-al-husary-murattal-hafs-955,84,Al-Inshiqaq,19,https://audio-cdn.tarteel.ai/quran/husaryMuallim/084019.mp3,4,4640,9240,4600
mishari-rashid-al-afasy-murattal-hafs-953,113,Al-Falaq,1,https://audio-cdn.tarteel.ai/quran/alafasy/113001.mp3,4,2240,3520,1280
mishari-rashid-al-afasy-murattal-hafs-953,113,Al-Falaq,2,https://audio-cdn.tarteel.ai/quran/alafasy/113002.mp3,4,2330,2430,100
mishari-rashid-al-afasy-murattal-hafs-953,84,Al-Inshiqaq,16,https://audio-cdn.tarteel.ai/quran/alafasy/084016.mp3,3,2840,4400,1560
mishari-rashid-al-afasy-murattal-hafs-953,84,Al-Inshiqaq,17,https://audio-cdn.tarteel.ai/quran/alafasy/084017.mp3,3,1600,2240,640
mishari-rashid-al-afasy-murattal-hafs-953,84,Al-Inshiqaq,18,https://audio-cdn.tarteel.ai/quran/alafasy/084018.mp3,3,1400,2200,800
mishari-rashid-al-afasy-murattal-hafs-953,84,Al-Inshiqaq,19,https://audio-cdn.tarteel.ai/quran/alafasy/084019.mp3,4,4160,5480,1320
mohamed-al-tablawi-recitation-murattal-hafs-73,113,Al-Falaq,1,https://mirrors.quranicaudio.com/everyayah/Mohammad_al_Tablaway_128kbps/113001.mp3,4,3400,4820,1420
mohamed-al-tablawi-recitation-murattal-hafs-73,113,Al-Falaq,2,https://mirrors.quranicaudio.com/everyayah/Mohammad_al_Tablaway_128kbps/113002.mp3,4,3930,4860,930
mohamed-al-tablawi-recitation-murattal-hafs-73,84,Al-Inshiqaq,16,https://mirrors.quranicaudio.com/everyayah/Mohammad_al_Tablaway_128kbps/084016.mp3,3,3410,4480,1070
mohamed-al-tablawi-recitation-murattal-hafs-73,84,Al-Inshiqaq,17,https://mirrors.quranicaudio.com/everyayah/Mohammad_al_Tablaway_128kbps/084017.mp3,3,2710,3440,730
mohamed-al-tablawi-recitation-murattal-hafs-73,84,Al-Inshiqaq,18,https://mirrors.quranicaudio.com/everyayah/Mohammad_al_Tablaway_128kbps/084018.mp3,3,2450,3460,1010
mohamed-al-tablawi-recitation-murattal-hafs-73,84,Al-Inshiqaq,19,https://mirrors.quranicaudio.com/everyayah/Mohammad_al_Tablaway_128kbps/084019.mp3,4,5670,6670,1000
muhammad-siddiq-al-minshawi-murattal-hafs-959,113,Al-Falaq,1,https://audio-cdn.tarteel.ai/quran/minshawyMurattal/113001.mp3,4,2800,4120,1320
muhammad-siddiq-al-minshawi-murattal-hafs-959,113,Al-Falaq,2,https://audio-cdn.tarteel.ai/quran/minshawyMurattal/113002.mp3,4,2210,2310,100
muhammad-siddiq-al-minshawi-murattal-hafs-959,84,Al-Inshiqaq,16,https://audio-cdn.tarteel.ai/quran/minshawyMurattal/084016.mp3,3,3720,5600,1880
muhammad-siddiq-al-minshawi-murattal-hafs-959,84,Al-Inshiqaq,17,https://audio-cdn.tarteel.ai/quran/minshawyMurattal/084017.mp3,3,2440,3280,840
muhammad-siddiq-al-minshawi-murattal-hafs-959,84,Al-Inshiqaq,18,https://audio-cdn.tarteel.ai/quran/minshawyMurattal/084018.mp3,3,2040,3160,1120
muhammad-siddiq-al-minshawi-murattal-hafs-959,84,Al-Inshiqaq,19,https://audio-cdn.tarteel.ai/quran/minshawyMurattal/084019.mp3,4,4640,6080,1440
saad-al-ghamdi-murattal-hafs-954,113,Al-Falaq,1,https://audio-cdn.tarteel.ai/quran/ghamadi/113001.mp3,4,2000,3160,1160
saad-al-ghamdi-murattal-hafs-954,113,Al-Falaq,2,https://audio-cdn.tarteel.ai/quran/ghamadi/113002.mp3,4,2130,2230,100
saad-al-ghamdi-murattal-hafs-954,84,Al-Inshiqaq,16,https://audio-cdn.tarteel.ai/quran/ghamadi/084016.mp3,3,2240,3560,1320
saad-al-ghamdi-murattal-hafs-954,84,Al-Inshiqaq,17,https://audio-cdn.tarteel.ai/quran/ghamadi/084017.mp3,3,1480,2000,520
saad-al-ghamdi-murattal-hafs-954,84,Al-Inshiqaq,18,https://audio-cdn.tarteel.ai/quran/ghamadi/084018.mp3,3,1160,1840,680
saad-al-ghamdi-murattal-hafs-954,84,Al-Inshiqaq,19,https://audio-cdn.tarteel.ai/quran/ghamadi/084019.mp3,4,3080,4600,1520
saud-al-shuraim-murattal-hafs-960,113,Al-Falaq,1,https://audio-cdn.tarteel.ai/quran/saudAlShuraim/113001.mp3,4,1560,2120,560
saud-al-shuraim-murattal-hafs-960,113,Al-Falaq,2,https://audio-cdn.tarteel.ai/quran/saudAlShuraim/113002.mp3,4,1290,1390,100
saud-al-shuraim-murattal-hafs-960,84,Al-Inshiqaq,16,https://audio-cdn.tarteel.ai/quran/saudAlShuraim/084016.mp3,3,1160,2160,1000
saud-al-shuraim-murattal-hafs-960,84,Al-Inshiqaq,17,https://audio-cdn.tarteel.ai/quran/saudAlShuraim/084017.mp3,3,1360,1920,560
saud-al-shuraim-murattal-hafs-960,84,Al-Inshiqaq,18,https://audio-cdn.tarteel.ai/quran/saudAlShuraim/084018.mp3,3,1240,1960,720
saud-al-shuraim-murattal-hafs-960,84,Al-Inshiqaq,19,https://audio-cdn.tarteel.ai/quran/saudAlShuraim/084019.mp3,4,2560,3400,840
yasser-al-dosari-murattal-hafs-961,113,Al-Falaq,1,https://audio-cdn.tarteel.ai/quran/yasserAlDosari/113001.mp3,4,1720,2760,1040
yasser-al-dosari-murattal-hafs-961,113,Al-Falaq,2,https://audio-cdn.tarteel.ai/quran/yasserAlDosari/113002.mp3,4,1890,1990,100
yasser-al-dosari-murattal-hafs-961,84,Al-Inshiqaq,16,https://audio-cdn.tarteel.ai/quran/yasserAlDosari/084016.mp3,3,2480,3640,1160
yasser-al-dosari-murattal-hafs-961,84,Al-Inshiqaq,17,https://audio-cdn.tarteel.ai/quran/yasserAlDosari/084017.mp3,3,1400,2000,600
yasser-al-dosari-murattal-hafs-961,84,Al-Inshiqaq,18,https://audio-cdn.tarteel.ai/quran/yasserAlDosari/084018.mp3,3,1160,1920,760
yasser-al-dosari-murattal-hafs-961,84,Al-Inshiqaq,19,https://audio-cdn.tarteel.ai/quran/yasserAlDosari/084019.mp3,4,3680,4760,1080
