reciter,surah,ayah,start_time_ms,end_time_ms,duration_sec,output_file
abdul-basit-abdul-samad-mujawwad-hafs-949,113,1,5520,7760,2.24,abdul_basit_abdul_samad_mujawwad_hafs_949_s113a001_qalqalah.wav
abdul-basit-abdul-samad-mujawwad-hafs-949,113,2,5490,5590,0.1,abdul_basit_abdul_samad_mujawwad_hafs_949_s113a002_qalqalah.wav
abdul-basit-abdul-samad-mujawwad-hafs-949,84,16,5600,8560,2.96,abdul_basit_abdul_samad_mujawwad_hafs_949_s084a016_qalqalah.wav
abdul-basit-abdul-samad-mujawwad-hafs-949,84,17,4720,5680,0.96,abdul_basit_abdul_samad_mujawwad_hafs_949_s084a017_qalqalah.wav
abdul-basit-abdul-samad-mujawwad-hafs-949,84,18,4160,5560,1.4,abdul_basit_abdul_samad_mujawwad_hafs_949_s084a018_qalqalah.wav
abdul-basit-abdul-samad-mujawwad-hafs-949,84,19,8039,9999,1.96,abdul_basit_abdul_samad_mujawwad_hafs_949_s084a019_qalqalah.wav
abdul-basit-abdul-samad-murattal-hafs-950,113,1,2960,4200,1.24,abdul_basit_abdul_samad_murattal_hafs_950_s113a001_qalqalah.wav
abdul-basit-abdul-samad-murattal-hafs-950,113,2,2290,2390,0.1,abdul_basit_abdul_samad_murattal_hafs_950_s113a002_qalqalah.wav
abdul-basit-abdul-samad-murattal-hafs-950,84,16,3040,4680,1.64,abdul_basit_abdul_samad_murattal_hafs_950_s084a016_qalqalah.wav
abdul-basit-abdul-samad-murattal-hafs-950,84,17,1880,2560,0.68,abdul_basit_abdul_samad_murattal_hafs_950_s084a017_qalqalah.wav
abdul-basit-abdul-samad-murattal-hafs-950,84,18,1720,2640,0.92,abdul_basit_abdul_samad_murattal_hafs_950_s084a018_qalqalah.wav
abdul-basit-abdul-samad-murattal-hafs-950,84,19,4640,5880,1.24,abdul_basit_abdul_samad_murattal_hafs_950_s084a019_qalqalah.wav
abdul-rahman-al-sudais-murattal-hafs-951,113,1,2360,3160,0.8,abdul_rahman_al_sudais_murattal_hafs_951_s113a001_qalqalah.wav
abdul-rahman-al-sudais-murattal-hafs-951,113,2,1570,1670,0.1,abdul_rahman_al_sudais_murattal_hafs_951_s113a002_qalqalah.wav
abdul-rahman-al-sudais-murattal-hafs-951,84,16,1480,2520,1.04,abdul_rahman_al_sudais_murattal_hafs_951_s084a016_qalqalah.wav
abdul-rahman-al-sudais-murattal-hafs-951,84,17,1240,1760,0.52,abdul_rahman_al_sudais_murattal_hafs_951_s084a017_qalqalah.wav
abdul-rahman-al-sudais-murattal-hafs-951,84,18,1080,1800,0.72,abdul_rahman_al_sudais_murattal_hafs_951_s084a018_qalqalah.wav
abdul-rahman-al-sudais-murattal-hafs-951,84,19,3320,4520,1.2,abdul_rahman_al_sudais_murattal_hafs_951_s084a019_qalqalah.wav
abu-bakr-al-shatri-murattal-hafs-952,113,1,2040,3160,1.12,abu_bakr_al_shatri_murattal_hafs_952_s113a001_qalqalah.wav
abu-bakr-al-shatri-murattal-hafs-952,113,2,1570,1670,0.1,abu_bakr_al_shatri_murattal_hafs_952_s113a002_qalqalah.wav
abu-bakr-al-shatri-murattal-hafs-952,84,16,2240,3840,1.6,abu_bakr_al_shatri_murattal_hafs_952_s084a016_qalqalah.wav
abu-bakr-al-shatri-murattal-hafs-952,84,17,1640,2320,0.68,abu_bakr_al_shatri_murattal_hafs_952_s084a017_qalqalah.wav
abu-bakr-al-shatri-murattal-hafs-952,84,18,1400,2280,0.88,abu_bakr_al_shatri_murattal_hafs_952_s084a018_qalqalah.wav
abu-bakr-al-shatri-murattal-hafs-952,84,19,3360,4640,1.28,abu_bakr_al_shatri_murattal_hafs_952_s084a019_qalqalah.wav
hani-ar-rifai-recitation-murattal-hafs-68,113,1,2860,3730,0.87,hani_ar_rifai_recitation_murattal_hafs_68_s113a001_qalqalah.wav
hani-ar-rifai-recitation-murattal-hafs-68,113,2,2150,2770,0.62,hani_ar_rifai_recitation_murattal_hafs_68_s113a002_qalqalah.wav
hani-ar-rifai-recitation-murattal-hafs-68,84,16,2540,3490,0.95,hani_ar_rifai_recitation_murattal_hafs_68_s084a016_qalqalah.wav
hani-ar-rifai-recitation-murattal-hafs-68,84,17,1590,2140,0.55,hani_ar_rifai_recitation_murattal_hafs_68_s084a017_qalqalah.wav
hani-ar-rifai-recitation-murattal-hafs-68,84,18,1500,2410,0.91,hani_ar_rifai_recitation_murattal_hafs_68_s084a018_qalqalah.wav
hani-ar-rifai-recitation-murattal-hafs-68,84,19,3820,4430,0.61,hani_ar_rifai_recitation_murattal_hafs_68_s084a019_qalqalah.wav
khalifa-al-tunaiji-murattal-hafs-958,113,1,2560,3840,1.28,khalifa_al_tunaiji_murattal_hafs_958_s113a001_qalqalah.wav
khalifa-al-tunaiji-murattal-hafs-958,113,2,2050,2150,0.1,khalifa_al_tunaiji_murattal_hafs_958_s113a002_qalqalah.wav
khalifa-al-tunaiji-murattal-hafs-958,84,16,3040,4560,1.52,khalifa_al_tunaiji_murattal_hafs_958_s084a016_qalqalah.wav
khalifa-al-tunaiji-murattal-hafs-958,84,17,1920,2560,0.64,khalifa_al_tunaiji_murattal_hafs_958_s084a017_qalqalah.wav
khalifa-al-tunaiji-murattal-hafs-958,84,18,1680,2440,0.76,khalifa_al_tunaiji_murattal_hafs_958_s084a018_qalqalah.wav
khalifa-al-tunaiji-murattal-hafs-958,84,19,4320,5640,1.32,khalifa_al_tunaiji_murattal_hafs_958_s084a019_qalqalah.wav
maher-al-mu-aiqly-murattal-hafs-948,113,1,1680,2480,0.8,maher_al_mu_aiqly_murattal_hafs_948_s113a001_qalqalah.wav
maher-al-mu-aiqly-murattal-hafs-948,113,2,1530,1630,0.1,maher_al_mu_aiqly_murattal_hafs_948_s113a002_qalqalah.wav
maher-al-mu-aiqly-murattal-hafs-948,84,16,2280,3400,1.12,maher_al_mu_aiqly_murattal_hafs_948_s084a016_qalqalah.wav
maher-al-mu-aiqly-murattal-hafs-948,84,17,1280,1800,0.52,maher_al_mu_aiqly_murattal_hafs_948_s084a017_qalqalah.wav
maher-al-mu-aiqly-murattal-hafs-948,84,18,1160,1880,0.72,maher_al_mu_aiqly_murattal_hafs_948_s084a018_qalqalah.wav
maher-al-mu-aiqly-murattal-hafs-948,84,19,3360,4440,1.08,maher_al_mu_aiqly_murattal_hafs_948_s084a019_qalqalah.wav
mahmoud-khalil-al-husary-mujawwad-hafs-956,113,1,7160,9520,2.36,mahmoud_khalil_al_husary_mujawwad_hafs_956_s113a001_qalqalah.wav
mahmoud-khalil-al-husary-mujawwad-hafs-956,113,2,6130,6230,0.1,mahmoud_khalil_al_husary_mujawwad_hafs_956_s113a002_qalqalah.wav
mahmoud-khalil-al-husary-mujawwad-hafs-956,84,16,9080,11920,2.84,mahmoud_khalil_al_husary_mujawwad_hafs_956_s084a016_qalqalah.wav
mahmoud-khalil-al-husary-mujawwad-hafs-956,84,17,5160,6240,1.08,mahmoud_khalil_al_husary_mujawwad_hafs_956_s084a017_qalqalah.wav
mahmoud-khalil-al-husary-mujawwad-hafs-956,84,18,4640,6120,1.48,mahmoud_khalil_al_husary_mujawwad_hafs_956_s084a018_qalqalah.wav
mahmoud-khalil-al-husary-mujawwad-hafs-956,84,19,7720,9720,2.0,mahmoud_khalil_al_husary_mujawwad_hafs_956_s084a019_qalqalah.wav
mahmoud-khalil-al-husary-murattal-hafs-955,113,1,3240,6360,3.12,mahmoud_khalil_al_husary_murattal_hafs_955_s113a001_qalqalah.wav
mahmoud-khalil-al-husary-murattal-hafs-955,113,2,2570,2670,0.1,mahmoud_khalil_al_husary_murattal_hafs_955_s113a002_qalqalah.wav
mahmoud-khalil-al-husary-murattal-hafs-955,84,16,3360,7080,3.72,mahmoud_khalil_al_husary_murattal_hafs_955_s084a016_qalqalah.wav
mahmoud-khalil-al-husary-murattal-hafs-955,84,17,2640,3480,0.84,mahmoud_khalil_al_husary_murattal_hafs_955_s084a017_qalqalah.wav
mahmoud-khalil-al-husary-murattal-hafs-955,84,18,2160,3320,1.16,mahmoud_khalil_al_husary_murattal_hafs_955_s084a018_qalqalah.wav
mahmoud-khalil-al-husary-murattal-hafs-955,84,19,4640,9240,4.6,mahmoud_khalil_al_husary_murattal_hafs_955_s084a019_qalqalah.wav
mishari-rashid-al-afasy-murattal-hafs-953,113,1,2240,3520,1.28,mishari_rashid_al_afasy_murattal_hafs_953_s113a001_qalqalah.wav
mishari-rashid-al-afasy-murattal-hafs-953,113,2,2330,2430,0.1,mishari_rashid_al_afasy_murattal_hafs_953_s113a002_qalqalah.wav
mishari-rashid-al-afasy-murattal-hafs-953,84,16,2840,4400,1.56,mishari_rashid_al_afasy_murattal_hafs_953_s084a016_qalqalah.wav
mishari-rashid-al-afasy-murattal-hafs-953,84,17,1600,2240,0.64,mishari_rashid_al_afasy_murattal_hafs_953_s084a017_qalqalah.wav
mishari-rashid-al-afasy-murattal-hafs-953,84,18,1400,2200,0.8,mishari_rashid_al_afasy_murattal_hafs_953_s084a018_qalqalah.wav
mishari-rashid-al-afasy-murattal-hafs-953,84,19,4160,5480,1.32,mishari_rashid_al_afasy_murattal_hafs_953_s084a019_qalqalah.wav
mohamed-al-tablawi-recitation-murattal-hafs-73,113,1,3400,4820,1.42,mohamed_al_tablawi_recitation_murattal_hafs_73_s113a001_qalqalah.wav
mohamed-al-tablawi-recitation-murattal-hafs-73,113,2,3930,4860,0.93,mohamed_al_tablawi_recitation_murattal_hafs_73_s113a002_qalqalah.wav
mohamed-al-tablawi-recitation-murattal-hafs-73,84,16,3410,4480,1.07,mohamed_al_tablawi_recitation_murattal_hafs_73_s084a016_qalqalah.wav
mohamed-al-tablawi-recitation-murattal-hafs-73,84,17,2710,3440,0.73,mohamed_al_tablawi_recitation_murattal_hafs_73_s084a017_qalqalah.wav
mohamed-al-tablawi-recitation-murattal-hafs-73,84,18,2450,3460,1.01,mohamed_al_tablawi_recitation_murattal_hafs_73_s084a018_qalqalah.wav
mohamed-al-tablawi-recitation-murattal-hafs-73,84,19,5670,6670,1.0,mohamed_al_tablawi_recitation_murattal_hafs_73_s084a019_qalqalah.wav
muhammad-siddiq-al-minshawi-murattal-hafs-959,113,1,2800,4120,1.32,muhammad_siddiq_al_minshawi_murattal_hafs_959_s113a001_qalqalah.wav
muhammad-siddiq-al-minshawi-murattal-hafs-959,113,2,2210,2310,0.1,muhammad_siddiq_al_minshawi_murattal_hafs_959_s113a002_qalqalah.wav
muhammad-siddiq-al-minshawi-murattal-hafs-959,84,16,3720,5600,1.88,muhammad_siddiq_al_minshawi_murattal_hafs_959_s084a016_qalqalah.wav
muhammad-siddiq-al-minshawi-murattal-hafs-959,84,17,2440,3280,0.84,muhammad_siddiq_al_minshawi_murattal_hafs_959_s084a017_qalqalah.wav
muhammad-siddiq-al-minshawi-murattal-hafs-959,84,18,2040,3160,1.12,muhammad_siddiq_al_minshawi_murattal_hafs_959_s084a018_qalqalah.wav
muhammad-siddiq-al-minshawi-murattal-hafs-959,84,19,4640,6080,1.44,muhammad_siddiq_al_minshawi_murattal_hafs_959_s084a019_qalqalah.wav
saad-al-ghamdi-murattal-hafs-954,113,1,2000,3160,1.16,saad_al_ghamdi_murattal_hafs_954_s113a001_qalqalah.wav
saad-al-ghamdi-murattal-hafs-954,113,2,2130,2230,0.1,saad_al_ghamdi_murattal_hafs_954_s113a002_qalqalah.wav
saad-al-ghamdi-murattal-hafs-954,84,16,2240,3560,1.32,saad_al_ghamdi_murattal_hafs_954_s084a016_qalqalah.wav
saad-al-ghamdi-murattal-hafs-954,84,17,1480,2000,0.52,saad_al_ghamdi_murattal_hafs_954_s084a017_qalqalah.wav
saad-al-ghamdi-murattal-hafs-954,84,18,1160,1840,0.68,saad_al_ghamdi_murattal_hafs_954_s084a018_qalqalah.wav
saad-al-ghamdi-murattal-hafs-954,84,19,3080,4600,1.52,saad_al_ghamdi_murattal_hafs_954_s084a019_qalqalah.wav
saud-al-shuraim-murattal-hafs-960,113,1,1560,2120,0.56,saud_al_shuraim_murattal_hafs_960_s113a001_qalqalah.wav
saud-al-shuraim-murattal-hafs-960,113,2,1290,1390,0.1,saud_al_shuraim_murattal_hafs_960_s113a002_qalqalah.wav
saud-al-shuraim-murattal-hafs-960,84,16,1160,2160,1.0,saud_al_shuraim_murattal_hafs_960_s084a016_qalqalah.wav
saud-al-shuraim-murattal-hafs-960,84,17,1360,1920,0.56,saud_al_shuraim_murattal_hafs_960_s084a017_qalqalah.wav
saud-al-shuraim-murattal-hafs-960,84,18,1240,1960,0.72,saud_al_shuraim_murattal_hafs_960_s084a018_qalqalah.wav
saud-al-shuraim-murattal-hafs-960,84,19,2560,3400,0.84,saud_al_shuraim_murattal_hafs_960_s084a019_qalqalah.wav
yasser-al-dosari-murattal-hafs-961,113,1,1720,2760,1.04,yasser_al_dosari_murattal_hafs_961_s113a001_qalqalah.wav
yasser-al-dosari-murattal-hafs-961,113,2,1890,1990,0.1,yasser_al_dosari_murattal_hafs_961_s113a002_qalqalah.wav
yasser-al-dosari-murattal-hafs-961,84,16,2480,3640,1.16,yasser_al_dosari_murattal_hafs_961_s084a016_qalqalah.wav
yasser-al-dosari-murattal-hafs-961,84,17,1400,2000,0.6,yasser_al_dosari_murattal_hafs_961_s084a017_qalqalah.wav
yasser-al-dosari-murattal-hafs-961,84,18,1160,1920,0.76,yasser_al_dosari_murattal_hafs_961_s084a018_qalqalah.wav
yasser-al-dosari-murattal-hafs-961,84,19,3680,4760,1.08,yasser_al_dosari_murattal_hafs_961_s084a019_qalqalah.wav
