surah_number,surah_name,ayah_number,reciter,word_number,start_time_ms,end_time_ms,duration_ms,audio_url
1,Al-Fatiha,1,Maher Al-Mu'aiqly,1,0,640,640,https://audio-cdn.tarteel.ai/quran/maherAlMuaiqly/001001.mp3
1,Al-Fatiha,1,Maher Al-Mu'aiqly,2,840,1280,440,https://audio-cdn.tarteel.ai/quran/maherAlMuaiqly/001001.mp3
1,Al-Fatiha,1,Maher Al-Mu'aiqly,3,1960,2320,360,https://audio-cdn.tarteel.ai/quran/maherAlMuaiqly/001001.mp3
1,Al-Fatiha,1,Maher Al-Mu'aiqly,4,2560,3680,1120,https://audio-cdn.tarteel.ai/quran/maherAlMuaiqly/001001.mp3
1,Al-Fatiha,2,Maher Al-Mu'aiqly,1,0,280,280,https://audio-cdn.tarteel.ai/quran/maherAlMuaiqly/001002.mp3
1,Al-Fatiha,2,Maher Al-Mu'aiqly,2,530,630,100,https://audio-cdn.tarteel.ai/quran/maherAlMuaiqly/001002.mp3
1,Al-Fatiha,2,Maher Al-Mu'aiqly,3,1170,1270,100,https://audio-cdn.tarteel.ai/quran/maherAlMuaiqly/001002.mp3
1,Al-Fatiha,2,Maher Al-Mu'aiqly,4,1400,3360,1960,https://audio-cdn.tarteel.ai/quran/maherAlMuaiqly/001002.mp3
1,Al-Fatiha,3,Maher Al-Mu'aiqly,1,480,760,280,https://audio-cdn.tarteel.ai/quran/maherAlMuaiqly/001003.mp3
1,Al-Fatiha,3,Maher Al-Mu'aiqly,2,960,2640,1680,https://audio-cdn.tarteel.ai/quran/maherAlMuaiqly/001003.mp3
1,Al-Fatiha,4,Maher Al-Mu'aiqly,1,0,440,440,https://audio-cdn.tarteel.ai/quran/maherAlMuaiqly/001004.mp3
1,Al-Fatiha,4,Maher Al-Mu'aiqly,2,600,960,360,https://audio-cdn.tarteel.ai/quran/maherAlMuaiqly/001004.mp3
1,Al-Fatiha,4,Maher Al-Mu'aiqly,3,1240,2960,1720,https://audio-cdn.tarteel.ai/quran/maherAlMuaiqly/001004.mp3
1,Al-Fatiha,5,Maher Al-Mu'aiqly,1,0,440,440,https://audio-cdn.tarteel.ai/quran/maherAlMuaiqly/001005.mp3
1,Al-Fatiha,5,Maher Al-Mu'aiqly,2,600,1120,520,https://audio-cdn.tarteel.ai/quran/maherAlMuaiqly/001005.mp3
1,Al-Fatiha,5,Maher Al-Mu'aiqly,3,1120,1800,680,https://audio-cdn.tarteel.ai/quran/maherAlMuaiqly/001005.mp3
1,Al-Fatiha,5,Maher Al-Mu'aiqly,4,1960,3760,1800,https://audio-cdn.tarteel.ai/quran/maherAlMuaiqly/001005.mp3
1,Al-Fatiha,6,Maher Al-Mu'aiqly,1,0,480,480,https://audio-cdn.tarteel.ai/quran/maherAlMuaiqly/001006.mp3
1,Al-Fatiha,6,Maher Al-Mu'aiqly,2,680,1160,480,https://audio-cdn.tarteel.ai/quran/maherAlMuaiqly/001006.mp3
1,Al-Fatiha,6,Maher Al-Mu'aiqly,3,1360,2280,920,https://audio-cdn.tarteel.ai/quran/maherAlMuaiqly/001006.mp3
1,Al-Fatiha,7,Maher Al-Mu'aiqly,1,0,440,440,https://audio-cdn.tarteel.ai/quran/maherAlMuaiqly/001007.mp3
1,Al-Fatiha,7,Maher Al-Mu'aiqly,2,640,920,280,https://audio-cdn.tarteel.ai/quran/maherAlMuaiqly/001007.mp3
1,Al-Fatiha,7,Maher Al-Mu'aiqly,3,1240,1840,600,https://audio-cdn.tarteel.ai/quran/maherAlMuaiqly/001007.mp3
1,Al-Fatiha,7,Maher Al-Mu'aiqly,4,2120,2440,320,https://audio-cdn.tarteel.ai/quran/maherAlMuaiqly/001007.mp3
1,Al-Fatiha,7,Maher Al-Mu'aiqly,5,2880,3000,120,https://audio-cdn.tarteel.ai/quran/maherAlMuaiqly/001007.mp3
1,Al-Fatiha,7,Maher Al-Mu'aiqly,6,3560,4160,600,https://audio-cdn.tarteel.ai/quran/maherAlMuaiqly/001007.mp3
1,Al-Fatiha,7,Maher Al-Mu'aiqly,7,4440,4720,280,https://audio-cdn.tarteel.ai/quran/maherAlMuaiqly/001007.mp3
1,Al-Fatiha,7,Maher Al-Mu'aiqly,8,4930,5030,100,https://audio-cdn.tarteel.ai/quran/maherAlMuaiqly/001007.mp3
1,Al-Fatiha,7,Maher Al-Mu'aiqly,9,5280,10240,4960,https://audio-cdn.tarteel.ai/quran/maherAlMuaiqly/001007.mp3
75,Al-Qiyamah,1,Maher Al-Mu'aiqly,1,0,70,70,https://audio-cdn.tarteel.ai/quran/maherAlMuaiqly/075001.mp3
75,Al-Qiyamah,1,Maher Al-Mu'aiqly,2,1080,1800,720,https://audio-cdn.tarteel.ai/quran/maherAlMuaiqly/075001.mp3
75,Al-Qiyamah,1,Maher Al-Mu'aiqly,3,1920,2400,480,https://audio-cdn.tarteel.ai/quran/maherAlMuaiqly/075001.mp3
75,Al-Qiyamah,1,Maher Al-Mu'aiqly,4,3050,3150,100,https://audio-cdn.tarteel.ai/quran/maherAlMuaiqly/075001.mp3
75,Al-Qiyamah,2,Maher Al-Mu'aiqly,1,0,70,70,https://audio-cdn.tarteel.ai/quran/maherAlMuaiqly/075002.mp3
75,Al-Qiyamah,2,Maher Al-Mu'aiqly,2,1080,1840,760,https://audio-cdn.tarteel.ai/quran/maherAlMuaiqly/075002.mp3
75,Al-Qiyamah,2,Maher Al-Mu'aiqly,3,1960,2800,840,https://audio-cdn.tarteel.ai/quran/maherAlMuaiqly/075002.mp3
75,Al-Qiyamah,2,Maher Al-Mu'aiqly,4,2880,4000,1120,https://audio-cdn.tarteel.ai/quran/maherAlMuaiqly/075002.mp3
75,Al-Qiyamah,3,Maher Al-Mu'aiqly,1,0,600,600,https://audio-cdn.tarteel.ai/quran/maherAlMuaiqly/075003.mp3
75,Al-Qiyamah,3,Maher Al-Mu'aiqly,2,840,1680,840,https://audio-cdn.tarteel.ai/quran/maherAlMuaiqly/075003.mp3
75,Al-Qiyamah,3,Maher Al-Mu'aiqly,3,1840,2360,520,https://audio-cdn.tarteel.ai/quran/maherAlMuaiqly/075003.mp3
75,Al-Qiyamah,3,Maher Al-Mu'aiqly,4,2440,3080,640,https://audio-cdn.tarteel.ai/quran/maherAlMuaiqly/075003.mp3
75,Al-Qiyamah,3,Maher Al-Mu'aiqly,5,3160,4080,920,https://audio-cdn.tarteel.ai/quran/maherAlMuaiqly/075003.mp3
75,Al-Qiyamah,4,Maher Al-Mu'aiqly,1,0,160,160,https://audio-cdn.tarteel.ai/quran/maherAlMuaiqly/075004.mp3
75,Al-Qiyamah,4,Maher Al-Mu'aiqly,2,280,1040,760,https://audio-cdn.tarteel.ai/quran/maherAlMuaiqly/075004.mp3
75,Al-Qiyamah,4,Maher Al-Mu'aiqly,3,1320,1560,240,https://audio-cdn.tarteel.ai/quran/maherAlMuaiqly/075004.mp3
75,Al-Qiyamah,4,Maher Al-Mu'aiqly,4,2290,2390,100,https://audio-cdn.tarteel.ai/quran/maherAlMuaiqly/075004.mp3
75,Al-Qiyamah,4,Maher Al-Mu'aiqly,5,2720,3600,880,https://audio-cdn.tarteel.ai/quran/maherAlMuaiqly/075004.mp3
75,Al-Qiyamah,4,Maher Al-Mu'aiqly,6,3720,4600,880,https://audio-cdn.tarteel.ai/quran/maherAlMuaiqly/075004.mp3
75,Al-Qiyamah,5,Maher Al-Mu'aiqly,1,0,70,70,https://audio-cdn.tarteel.ai/quran/maherAlMuaiqly/075005.mp3
75,Al-Qiyamah,5,Maher Al-Mu'aiqly,2,170,270,100,https://audio-cdn.tarteel.ai/quran/maherAlMuaiqly/075005.mp3
75,Al-Qiyamah,5,Maher Al-Mu'aiqly,3,960,1840,880,https://audio-cdn.tarteel.ai/quran/maherAlMuaiqly/075005.mp3
75,Al-Qiyamah,5,Maher Al-Mu'aiqly,4,1960,2600,640,https://audio-cdn.tarteel.ai/quran/maherAlMuaiqly/075005.mp3
75,Al-Qiyamah,5,Maher Al-Mu'aiqly,5,2680,3400,720,https://audio-cdn.tarteel.ai/quran/maherAlMuaiqly/075005.mp3
75,Al-Qiyamah,6,Maher Al-Mu'aiqly,1,0,440,440,https://audio-cdn.tarteel.ai/quran/maherAlMuaiqly/075006.mp3
75,Al-Qiyamah,6,Maher Al-Mu'aiqly,2,560,1080,520,https://audio-cdn.tarteel.ai/quran/maherAlMuaiqly/075006.mp3
75,Al-Qiyamah,6,Maher Al-Mu'aiqly,3,1200,1560,360,https://audio-cdn.tarteel.ai/quran/maherAlMuaiqly/075006.mp3
75,Al-Qiyamah,6,Maher Al-Mu'aiqly,4,2250,2350,100,https://audio-cdn.tarteel.ai/quran/maherAlMuaiqly/075006.mp3
75,Al-Qiyamah,7,Maher Al-Mu'aiqly,1,0,360,360,https://audio-cdn.tarteel.ai/quran/maherAlMuaiqly/075007.mp3
75,Al-Qiyamah,7,Maher Al-Mu'aiqly,2,560,960,400,https://audio-cdn.tarteel.ai/quran/maherAlMuaiqly/075007.mp3
75,Al-Qiyamah,7,Maher Al-Mu'aiqly,3,1200,1640,440,https://audio-cdn.tarteel.ai/quran/maherAlMuaiqly/075007.mp3
75,Al-Qiyamah,8,Maher Al-Mu'aiqly,1,0,480,480,https://audio-cdn.tarteel.ai/quran/maherAlMuaiqly/075008.mp3
75,Al-Qiyamah,8,Maher Al-Mu'aiqly,2,720,1160,440,https://audio-cdn.tarteel.ai/quran/maherAlMuaiqly/075008.mp3
75,Al-Qiyamah,9,Maher Al-Mu'aiqly,1,0,480,480,https://audio-cdn.tarteel.ai/quran/maherAlMuaiqly/075009.mp3
75,Al-Qiyamah,9,Maher Al-Mu'aiqly,2,640,1000,360,https://audio-cdn.tarteel.ai/quran/maherAlMuaiqly/075009.mp3
75,Al-Qiyamah,9,Maher Al-Mu'aiqly,3,1400,2000,600,https://audio-cdn.tarteel.ai/quran/maherAlMuaiqly/075009.mp3
75,Al-Qiyamah,10,Maher Al-Mu'aiqly,1,160,480,320,https://audio-cdn.tarteel.ai/quran/maherAlMuaiqly/075010.mp3
75,Al-Qiyamah,10,Maher Al-Mu'aiqly,2,720,1960,1240,https://audio-cdn.tarteel.ai/quran/maherAlMuaiqly/075010.mp3
75,Al-Qiyamah,10,Maher Al-Mu'aiqly,3,2080,2760,680,https://audio-cdn.tarteel.ai/quran/maherAlMuaiqly/075010.mp3
75,Al-Qiyamah,10,Maher Al-Mu'aiqly,4,2960,3280,320,https://audio-cdn.tarteel.ai/quran/maherAlMuaiqly/075010.mp3
75,Al-Qiyamah,10,Maher Al-Mu'aiqly,5,3520,4120,600,https://audio-cdn.tarteel.ai/quran/maherAlMuaiqly/075010.mp3
75,Al-Qiyamah,11,Maher Al-Mu'aiqly,1,0,320,320,https://audio-cdn.tarteel.ai/quran/maherAlMuaiqly/075011.mp3
75,Al-Qiyamah,11,Maher Al-Mu'aiqly,2,450,550,100,https://audio-cdn.tarteel.ai/quran/maherAlMuaiqly/075011.mp3
75,Al-Qiyamah,11,Maher Al-Mu'aiqly,3,760,1240,480,https://audio-cdn.tarteel.ai/quran/maherAlMuaiqly/075011.mp3
75,Al-Qiyamah,12,Maher Al-Mu'aiqly,1,0,160,160,https://audio-cdn.tarteel.ai/quran/maherAlMuaiqly/075012.mp3
75,Al-Qiyamah,12,Maher Al-Mu'aiqly,2,600,840,240,https://audio-cdn.tarteel.ai/quran/maherAlMuaiqly/075012.mp3
75,Al-Qiyamah,12,Maher Al-Mu'aiqly,3,920,1640,720,https://audio-cdn.tarteel.ai/quran/maherAlMuaiqly/075012.mp3
75,Al-Qiyamah,12,Maher Al-Mu'aiqly,4,1920,2880,960,https://audio-cdn.tarteel.ai/quran/maherAlMuaiqly/075012.mp3
75,Al-Qiyamah,13,Maher Al-Mu'aiqly,1,0,640,640,https://audio-cdn.tarteel.ai/quran/maherAlMuaiqly/075013.mp3
75,Al-Qiyamah,13,Maher Al-Mu'aiqly,2,840,2360,1520,https://audio-cdn.tarteel.ai/quran/maherAlMuaiqly/075013.mp3
75,Al-Qiyamah,13,Maher Al-Mu'aiqly,3,2520,3240,720,https://audio-cdn.tarteel.ai/quran/maherAlMuaiqly/075013.mp3
75,Al-Qiyamah,13,Maher Al-Mu'aiqly,4,3890,3990,100,https://audio-cdn.tarteel.ai/quran/maherAlMuaiqly/075013.mp3
75,Al-Qiyamah,13,Maher Al-Mu'aiqly,5,4240,4800,560,https://audio-cdn.tarteel.ai/quran/maherAlMuaiqly/075013.mp3
75,Al-Qiyamah,13,Maher Al-Mu'aiqly,6,4920,5800,880,https://audio-cdn.tarteel.ai/quran/maherAlMuaiqly/075013.mp3
75,Al-Qiyamah,14,Maher Al-Mu'aiqly,1,0,200,200,https://audio-cdn.tarteel.ai/quran/maherAlMuaiqly/075014.mp3
75,Al-Qiyamah,14,Maher Al-Mu'aiqly,2,400,1360,960,https://audio-cdn.tarteel.ai/quran/maherAlMuaiqly/075014.mp3
75,Al-Qiyamah,14,Maher Al-Mu'aiqly,3,1520,1720,200,https://audio-cdn.tarteel.ai/quran/maherAlMuaiqly/075014.mp3
75,Al-Qiyamah,14,Maher Al-Mu'aiqly,4,2200,2440,240,https://audio-cdn.tarteel.ai/quran/maherAlMuaiqly/075014.mp3
75,Al-Qiyamah,14,Maher Al-Mu'aiqly,5,2600,3600,1000,https://audio-cdn.tarteel.ai/quran/maherAlMuaiqly/075014.mp3
75,Al-Qiyamah,15,Maher Al-Mu'aiqly,1,0,70,70,https://audio-cdn.tarteel.ai/quran/maherAlMuaiqly/075015.mp3
75,Al-Qiyamah,15,Maher Al-Mu'aiqly,2,400,800,400,https://audio-cdn.tarteel.ai/quran/maherAlMuaiqly/075015.mp3
75,Al-Qiyamah,15,Maher Al-Mu'aiqly,3,960,2200,1240,https://audio-cdn.tarteel.ai/quran/maherAlMuaiqly/075015.mp3
75,Al-Qiyamah,16,Maher Al-Mu'aiqly,1,0,70,70,https://audio-cdn.tarteel.ai/quran/maherAlMuaiqly/075016.mp3
75,Al-Qiyamah,16,Maher Al-Mu'aiqly,2,200,920,720,https://audio-cdn.tarteel.ai/quran/maherAlMuaiqly/075016.mp3
75,Al-Qiyamah,16,Maher Al-Mu'aiqly,3,1090,1190,100,https://audio-cdn.tarteel.ai/quran/maherAlMuaiqly/075016.mp3
75,Al-Qiyamah,16,Maher Al-Mu'aiqly,4,1280,1960,680,https://audio-cdn.tarteel.ai/quran/maherAlMuaiqly/075016.mp3
75,Al-Qiyamah,16,Maher Al-Mu'aiqly,5,2080,2800,720,https://audio-cdn.tarteel.ai/quran/maherAlMuaiqly/075016.mp3
75,Al-Qiyamah,16,Maher Al-Mu'aiqly,6,3210,3270,60,https://audio-cdn.tarteel.ai/quran/maherAlMuaiqly/075016.mp3
75,Al-Qiyamah,17,Maher Al-Mu'aiqly,1,0,70,70,https://audio-cdn.tarteel.ai/quran/maherAlMuaiqly/075017.mp3
75,Al-Qiyamah,17,Maher Al-Mu'aiqly,2,720,1080,360,https://audio-cdn.tarteel.ai/quran/maherAlMuaiqly/075017.mp3
75,Al-Qiyamah,17,Maher Al-Mu'aiqly,3,1280,1880,600,https://audio-cdn.tarteel.ai/quran/maherAlMuaiqly/075017.mp3
75,Al-Qiyamah,17,Maher Al-Mu'aiqly,4,2040,3240,1200,https://audio-cdn.tarteel.ai/quran/maherAlMuaiqly/075017.mp3
75,Al-Qiyamah,18,Maher Al-Mu'aiqly,1,0,320,320,https://audio-cdn.tarteel.ai/quran/maherAlMuaiqly/075018.mp3
75,Al-Qiyamah,18,Maher Al-Mu'aiqly,2,480,1240,760,https://audio-cdn.tarteel.ai/quran/maherAlMuaiqly/075018.mp3
75,Al-Qiyamah,18,Maher Al-Mu'aiqly,3,1400,2120,720,https://audio-cdn.tarteel.ai/quran/maherAlMuaiqly/075018.mp3
75,Al-Qiyamah,18,Maher Al-Mu'aiqly,4,2120,3240,1120,https://audio-cdn.tarteel.ai/quran/maherAlMuaiqly/075018.mp3
75,Al-Qiyamah,19,Maher Al-Mu'aiqly,1,0,640,640,https://audio-cdn.tarteel.ai/quran/maherAlMuaiqly/075019.mp3
75,Al-Qiyamah,19,Maher Al-Mu'aiqly,2,850,950,100,https://audio-cdn.tarteel.ai/quran/maherAlMuaiqly/075019.mp3
75,Al-Qiyamah,19,Maher Al-Mu'aiqly,3,1960,2280,320,https://audio-cdn.tarteel.ai/quran/maherAlMuaiqly/075019.mp3
75,Al-Qiyamah,19,Maher Al-Mu'aiqly,4,2440,3480,1040,https://audio-cdn.tarteel.ai/quran/maherAlMuaiqly/075019.mp3
75,Al-Qiyamah,20,Maher Al-Mu'aiqly,1,0,280,280,https://audio-cdn.tarteel.ai/quran/maherAlMuaiqly/075020.mp3
75,Al-Qiyamah,20,Maher Al-Mu'aiqly,2,410,510,100,https://audio-cdn.tarteel.ai/quran/maherAlMuaiqly/075020.mp3
75,Al-Qiyamah,20,Maher Al-Mu'aiqly,3,800,1400,600,https://audio-cdn.tarteel.ai/quran/maherAlMuaiqly/075020.mp3
75,Al-Qiyamah,20,Maher Al-Mu'aiqly,4,1720,2480,760,https://audio-cdn.tarteel.ai/quran/maherAlMuaiqly/075020.mp3
75,Al-Qiyamah,21,Maher Al-Mu'aiqly,1,0,520,520,https://audio-cdn.tarteel.ai/quran/maherAlMuaiqly/075021.mp3
75,Al-Qiyamah,21,Maher Al-Mu'aiqly,2,920,1800,880,https://audio-cdn.tarteel.ai/quran/maherAlMuaiqly/075021.mp3
75,Al-Qiyamah,22,Maher Al-Mu'aiqly,1,240,520,280,https://audio-cdn.tarteel.ai/quran/maherAlMuaiqly/075022.mp3
75,Al-Qiyamah,22,Maher Al-Mu'aiqly,2,880,1720,840,https://audio-cdn.tarteel.ai/quran/maherAlMuaiqly/075022.mp3
75,Al-Qiyamah,22,Maher Al-Mu'aiqly,3,1960,2880,920,https://audio-cdn.tarteel.ai/quran/maherAlMuaiqly/075022.mp3
75,Al-Qiyamah,23,Maher Al-Mu'aiqly,1,0,200,200,https://audio-cdn.tarteel.ai/quran/maherAlMuaiqly/075023.mp3
75,Al-Qiyamah,23,Maher Al-Mu'aiqly,2,640,920,280,https://audio-cdn.tarteel.ai/quran/maherAlMuaiqly/075023.mp3
75,Al-Qiyamah,23,Maher Al-Mu'aiqly,3,1000,2000,1000,https://audio-cdn.tarteel.ai/quran/maherAlMuaiqly/075023.mp3
75,Al-Qiyamah,24,Maher Al-Mu'aiqly,1,0,680,680,https://audio-cdn.tarteel.ai/quran/maherAlMuaiqly/075024.mp3
75,Al-Qiyamah,24,Maher Al-Mu'aiqly,2,1080,2000,920,https://audio-cdn.tarteel.ai/quran/maherAlMuaiqly/075024.mp3
75,Al-Qiyamah,24,Maher Al-Mu'aiqly,3,2320,3440,1120,https://audio-cdn.tarteel.ai/quran/maherAlMuaiqly/075024.mp3
75,Al-Qiyamah,25,Maher Al-Mu'aiqly,1,0,560,560,https://audio-cdn.tarteel.ai/quran/maherAlMuaiqly/075025.mp3
75,Al-Qiyamah,25,Maher Al-Mu'aiqly,2,690,790,100,https://audio-cdn.tarteel.ai/quran/maherAlMuaiqly/075025.mp3
75,Al-Qiyamah,25,Maher Al-Mu'aiqly,3,1400,2080,680,https://audio-cdn.tarteel.ai/quran/maherAlMuaiqly/075025.mp3
75,Al-Qiyamah,25,Maher Al-Mu'aiqly,4,2290,2390,100,https://audio-cdn.tarteel.ai/quran/maherAlMuaiqly/075025.mp3
75,Al-Qiyamah,25,Maher Al-Mu'aiqly,5,2520,3480,960,https://audio-cdn.tarteel.ai/quran/maherAlMuaiqly/075025.mp3
75,Al-Qiyamah,26,Maher Al-Mu'aiqly,1,0,360,360,https://audio-cdn.tarteel.ai/quran/maherAlMuaiqly/075026.mp3
75,Al-Qiyamah,26,Maher Al-Mu'aiqly,2,2080,2240,160,https://audio-cdn.tarteel.ai/quran/maherAlMuaiqly/075026.mp3
75,Al-Qiyamah,26,Maher Al-Mu'aiqly,3,2400,2960,560,https://audio-cdn.tarteel.ai/quran/maherAlMuaiqly/075026.mp3
75,Al-Qiyamah,26,Maher Al-Mu'aiqly,4,3200,3920,720,https://audio-cdn.tarteel.ai/quran/maherAlMuaiqly/075026.mp3
75,Al-Qiyamah,27,Maher Al-Mu'aiqly,1,0,520,520,https://audio-cdn.tarteel.ai/quran/maherAlMuaiqly/075027.mp3
75,Al-Qiyamah,27,Maher Al-Mu'aiqly,2,610,710,100,https://audio-cdn.tarteel.ai/quran/maherAlMuaiqly/075027.mp3
75,Al-Qiyamah,27,Maher Al-Mu'aiqly,3,1200,2720,1520,https://audio-cdn.tarteel.ai/quran/maherAlMuaiqly/075027.mp3
75,Al-Qiyamah,28,Maher Al-Mu'aiqly,1,0,560,560,https://audio-cdn.tarteel.ai/quran/maherAlMuaiqly/075028.mp3
75,Al-Qiyamah,28,Maher Al-Mu'aiqly,2,720,1720,1000,https://audio-cdn.tarteel.ai/quran/maherAlMuaiqly/075028.mp3
75,Al-Qiyamah,28,Maher Al-Mu'aiqly,3,2040,3240,1200,https://audio-cdn.tarteel.ai/quran/maherAlMuaiqly/075028.mp3
75,Al-Qiyamah,29,Maher Al-Mu'aiqly,1,0,720,720,https://audio-cdn.tarteel.ai/quran/maherAlMuaiqly/075029.mp3
75,Al-Qiyamah,29,Maher Al-Mu'aiqly,2,920,1280,360,https://audio-cdn.tarteel.ai/quran/maherAlMuaiqly/075029.mp3
75,Al-Qiyamah,29,Maher Al-Mu'aiqly,3,1440,2880,1440,https://audio-cdn.tarteel.ai/quran/maherAlMuaiqly/075029.mp3
75,Al-Qiyamah,30,Maher Al-Mu'aiqly,1,0,160,160,https://audio-cdn.tarteel.ai/quran/maherAlMuaiqly/075030.mp3
75,Al-Qiyamah,30,Maher Al-Mu'aiqly,2,600,840,240,https://audio-cdn.tarteel.ai/quran/maherAlMuaiqly/075030.mp3
75,Al-Qiyamah,30,Maher Al-Mu'aiqly,3,960,1640,680,https://audio-cdn.tarteel.ai/quran/maherAlMuaiqly/075030.mp3
75,Al-Qiyamah,30,Maher Al-Mu'aiqly,4,1960,3120,1160,https://audio-cdn.tarteel.ai/quran/maherAlMuaiqly/075030.mp3
75,Al-Qiyamah,31,Maher Al-Mu'aiqly,1,0,160,160,https://audio-cdn.tarteel.ai/quran/maherAlMuaiqly/075031.mp3
75,Al-Qiyamah,31,Maher Al-Mu'aiqly,2,280,880,600,https://audio-cdn.tarteel.ai/quran/maherAlMuaiqly/075031.mp3
75,Al-Qiyamah,31,Maher Al-Mu'aiqly,3,970,1070,100,https://audio-cdn.tarteel.ai/quran/maherAlMuaiqly/075031.mp3
75,Al-Qiyamah,31,Maher Al-Mu'aiqly,4,1400,2080,680,https://audio-cdn.tarteel.ai/quran/maherAlMuaiqly/075031.mp3
75,Al-Qiyamah,32,Maher Al-Mu'aiqly,1,360,480,120,https://audio-cdn.tarteel.ai/quran/maherAlMuaiqly/075032.mp3
75,Al-Qiyamah,32,Maher Al-Mu'aiqly,2,1160,2000,840,https://audio-cdn.tarteel.ai/quran/maherAlMuaiqly/075032.mp3
75,Al-Qiyamah,32,Maher Al-Mu'aiqly,3,2040,3360,1320,https://audio-cdn.tarteel.ai/quran/maherAlMuaiqly/075032.mp3
75,Al-Qiyamah,33,Maher Al-Mu'aiqly,1,0,320,320,https://audio-cdn.tarteel.ai/quran/maherAlMuaiqly/075033.mp3
75,Al-Qiyamah,33,Maher Al-Mu'aiqly,2,640,920,280,https://audio-cdn.tarteel.ai/quran/maherAlMuaiqly/075033.mp3
75,Al-Qiyamah,33,Maher Al-Mu'aiqly,3,1000,1280,280,https://audio-cdn.tarteel.ai/quran/maherAlMuaiqly/075033.mp3
75,Al-Qiyamah,33,Maher Al-Mu'aiqly,4,2320,2760,440,https://audio-cdn.tarteel.ai/quran/maherAlMuaiqly/075033.mp3
75,Al-Qiyamah,33,Maher Al-Mu'aiqly,5,3120,4200,1080,https://audio-cdn.tarteel.ai/quran/maherAlMuaiqly/075033.mp3
75,Al-Qiyamah,34,Maher Al-Mu'aiqly,1,0,320,320,https://audio-cdn.tarteel.ai/quran/maherAlMuaiqly/075034.mp3
75,Al-Qiyamah,34,Maher Al-Mu'aiqly,2,650,750,100,https://audio-cdn.tarteel.ai/quran/maherAlMuaiqly/075034.mp3
75,Al-Qiyamah,34,Maher Al-Mu'aiqly,3,840,1680,840,https://audio-cdn.tarteel.ai/quran/maherAlMuaiqly/075034.mp3
75,Al-Qiyamah,35,Maher Al-Mu'aiqly,1,0,880,880,https://audio-cdn.tarteel.ai/quran/maherAlMuaiqly/075035.mp3
75,Al-Qiyamah,35,Maher Al-Mu'aiqly,2,1120,1520,400,https://audio-cdn.tarteel.ai/quran/maherAlMuaiqly/075035.mp3
75,Al-Qiyamah,35,Maher Al-Mu'aiqly,3,1850,1950,100,https://audio-cdn.tarteel.ai/quran/maherAlMuaiqly/075035.mp3
75,Al-Qiyamah,35,Maher Al-Mu'aiqly,4,2080,3200,1120,https://audio-cdn.tarteel.ai/quran/maherAlMuaiqly/075035.mp3
75,Al-Qiyamah,36,Maher Al-Mu'aiqly,1,0,600,600,https://audio-cdn.tarteel.ai/quran/maherAlMuaiqly/075036.mp3
75,Al-Qiyamah,36,Maher Al-Mu'aiqly,2,840,2200,1360,https://audio-cdn.tarteel.ai/quran/maherAlMuaiqly/075036.mp3
75,Al-Qiyamah,36,Maher Al-Mu'aiqly,3,2330,2430,100,https://audio-cdn.tarteel.ai/quran/maherAlMuaiqly/075036.mp3
75,Al-Qiyamah,36,Maher Al-Mu'aiqly,4,2960,3680,720,https://audio-cdn.tarteel.ai/quran/maherAlMuaiqly/075036.mp3
75,Al-Qiyamah,36,Maher Al-Mu'aiqly,5,3800,4600,800,https://audio-cdn.tarteel.ai/quran/maherAlMuaiqly/075036.mp3
75,Al-Qiyamah,37,Maher Al-Mu'aiqly,1,0,320,320,https://audio-cdn.tarteel.ai/quran/maherAlMuaiqly/075037.mp3
75,Al-Qiyamah,37,Maher Al-Mu'aiqly,2,360,640,280,https://audio-cdn.tarteel.ai/quran/maherAlMuaiqly/075037.mp3
75,Al-Qiyamah,37,Maher Al-Mu'aiqly,3,640,1240,600,https://audio-cdn.tarteel.ai/quran/maherAlMuaiqly/075037.mp3
75,Al-Qiyamah,37,Maher Al-Mu'aiqly,4,1530,1630,100,https://audio-cdn.tarteel.ai/quran/maherAlMuaiqly/075037.mp3
75,Al-Qiyamah,37,Maher Al-Mu'aiqly,5,1920,2640,720,https://audio-cdn.tarteel.ai/quran/maherAlMuaiqly/075037.mp3
75,Al-Qiyamah,37,Maher Al-Mu'aiqly,6,2880,3880,1000,https://audio-cdn.tarteel.ai/quran/maherAlMuaiqly/075037.mp3
75,Al-Qiyamah,38,Maher Al-Mu'aiqly,1,0,360,360,https://audio-cdn.tarteel.ai/quran/maherAlMuaiqly/075038.mp3
75,Al-Qiyamah,38,Maher Al-Mu'aiqly,2,450,550,100,https://audio-cdn.tarteel.ai/quran/maherAlMuaiqly/075038.mp3
75,Al-Qiyamah,38,Maher Al-Mu'aiqly,3,960,1560,600,https://audio-cdn.tarteel.ai/quran/maherAlMuaiqly/075038.mp3
75,Al-Qiyamah,38,Maher Al-Mu'aiqly,4,2120,2880,760,https://audio-cdn.tarteel.ai/quran/maherAlMuaiqly/075038.mp3
75,Al-Qiyamah,38,Maher Al-Mu'aiqly,5,3000,4120,1120,https://audio-cdn.tarteel.ai/quran/maherAlMuaiqly/075038.mp3
75,Al-Qiyamah,39,Maher Al-Mu'aiqly,1,0,480,480,https://audio-cdn.tarteel.ai/quran/maherAlMuaiqly/075039.mp3
75,Al-Qiyamah,39,Maher Al-Mu'aiqly,2,530,630,100,https://audio-cdn.tarteel.ai/quran/maherAlMuaiqly/075039.mp3
75,Al-Qiyamah,39,Maher Al-Mu'aiqly,3,1040,1680,640,https://audio-cdn.tarteel.ai/quran/maherAlMuaiqly/075039.mp3
75,Al-Qiyamah,39,Maher Al-Mu'aiqly,4,1800,2280,480,https://audio-cdn.tarteel.ai/quran/maherAlMuaiqly/075039.mp3
75,Al-Qiyamah,39,Maher Al-Mu'aiqly,5,2440,3160,720,https://audio-cdn.tarteel.ai/quran/maherAlMuaiqly/075039.mp3
75,Al-Qiyamah,40,Maher Al-Mu'aiqly,1,0,400,400,https://audio-cdn.tarteel.ai/quran/maherAlMuaiqly/075040.mp3
75,Al-Qiyamah,40,Maher Al-Mu'aiqly,2,560,1080,520,https://audio-cdn.tarteel.ai/quran/maherAlMuaiqly/075040.mp3
75,Al-Qiyamah,40,Maher Al-Mu'aiqly,3,1240,1960,720,https://audio-cdn.tarteel.ai/quran/maherAlMuaiqly/075040.mp3
75,Al-Qiyamah,40,Maher Al-Mu'aiqly,4,2200,2480,280,https://audio-cdn.tarteel.ai/quran/maherAlMuaiqly/075040.mp3
75,Al-Qiyamah,40,Maher Al-Mu'aiqly,5,3530,3630,100,https://audio-cdn.tarteel.ai/quran/maherAlMuaiqly/075040.mp3
75,Al-Qiyamah,40,Maher Al-Mu'aiqly,6,4440,4840,400,https://audio-cdn.tarteel.ai/quran/maherAlMuaiqly/075040.mp3
75,Al-Qiyamah,40,Maher Al-Mu'aiqly,7,5080,7040,1960,https://audio-cdn.tarteel.ai/quran/maherAlMuaiqly/075040.mp3
82,Al-Infitar,1,Maher Al-Mu'aiqly,1,0,200,200,https://audio-cdn.tarteel.ai/quran/maherAlMuaiqly/082001.mp3
82,Al-Infitar,1,Maher Al-Mu'aiqly,2,400,2200,1800,https://audio-cdn.tarteel.ai/quran/maherAlMuaiqly/082001.mp3
82,Al-Infitar,1,Maher Al-Mu'aiqly,3,2480,3880,1400,https://audio-cdn.tarteel.ai/quran/maherAlMuaiqly/082001.mp3
82,Al-Infitar,2,Maher Al-Mu'aiqly,1,0,400,400,https://audio-cdn.tarteel.ai/quran/maherAlMuaiqly/082002.mp3
82,Al-Infitar,2,Maher Al-Mu'aiqly,2,520,1520,1000,https://audio-cdn.tarteel.ai/quran/maherAlMuaiqly/082002.mp3
82,Al-Infitar,2,Maher Al-Mu'aiqly,3,1720,2920,1200,https://audio-cdn.tarteel.ai/quran/maherAlMuaiqly/082002.mp3
82,Al-Infitar,3,Maher Al-Mu'aiqly,1,0,400,400,https://audio-cdn.tarteel.ai/quran/maherAlMuaiqly/082003.mp3
82,Al-Infitar,3,Maher Al-Mu'aiqly,2,520,1240,720,https://audio-cdn.tarteel.ai/quran/maherAlMuaiqly/082003.mp3
82,Al-Infitar,3,Maher Al-Mu'aiqly,3,1320,2400,1080,https://audio-cdn.tarteel.ai/quran/maherAlMuaiqly/082003.mp3
82,Al-Infitar,4,Maher Al-Mu'aiqly,1,0,440,440,https://audio-cdn.tarteel.ai/quran/maherAlMuaiqly/082004.mp3
82,Al-Infitar,4,Maher Al-Mu'aiqly,2,680,1320,640,https://audio-cdn.tarteel.ai/quran/maherAlMuaiqly/082004.mp3
82,Al-Infitar,4,Maher Al-Mu'aiqly,3,1360,2440,1080,https://audio-cdn.tarteel.ai/quran/maherAlMuaiqly/082004.mp3
82,Al-Infitar,5,Maher Al-Mu'aiqly,1,0,600,600,https://audio-cdn.tarteel.ai/quran/maherAlMuaiqly/082005.mp3
82,Al-Infitar,5,Maher Al-Mu'aiqly,2,960,1160,200,https://audio-cdn.tarteel.ai/quran/maherAlMuaiqly/082005.mp3
82,Al-Infitar,5,Maher Al-Mu'aiqly,3,1450,1550,100,https://audio-cdn.tarteel.ai/quran/maherAlMuaiqly/082005.mp3
82,Al-Infitar,5,Maher Al-Mu'aiqly,4,1960,2800,840,https://audio-cdn.tarteel.ai/quran/maherAlMuaiqly/082005.mp3
82,Al-Infitar,5,Maher Al-Mu'aiqly,5,2920,4080,1160,https://audio-cdn.tarteel.ai/quran/maherAlMuaiqly/082005.mp3
82,Al-Infitar,6,Maher Al-Mu'aiqly,1,0,70,70,https://audio-cdn.tarteel.ai/quran/maherAlMuaiqly/082006.mp3
82,Al-Infitar,6,Maher Al-Mu'aiqly,2,40,2360,2320,https://audio-cdn.tarteel.ai/quran/maherAlMuaiqly/082006.mp3
82,Al-Infitar,6,Maher Al-Mu'aiqly,3,2680,4280,1600,https://audio-cdn.tarteel.ai/quran/maherAlMuaiqly/082006.mp3
82,Al-Infitar,6,Maher Al-Mu'aiqly,4,4410,4510,100,https://audio-cdn.tarteel.ai/quran/maherAlMuaiqly/082006.mp3
82,Al-Infitar,6,Maher Al-Mu'aiqly,5,4720,5360,640,https://audio-cdn.tarteel.ai/quran/maherAlMuaiqly/082006.mp3
82,Al-Infitar,6,Maher Al-Mu'aiqly,6,5480,6200,720,https://audio-cdn.tarteel.ai/quran/maherAlMuaiqly/082006.mp3
82,Al-Infitar,6,Maher Al-Mu'aiqly,7,6320,7640,1320,https://audio-cdn.tarteel.ai/quran/maherAlMuaiqly/082006.mp3
82,Al-Infitar,7,Maher Al-Mu'aiqly,1,0,70,70,https://audio-cdn.tarteel.ai/quran/maherAlMuaiqly/082007.mp3
82,Al-Infitar,7,Maher Al-Mu'aiqly,2,680,1360,680,https://audio-cdn.tarteel.ai/quran/maherAlMuaiqly/082007.mp3
82,Al-Infitar,7,Maher Al-Mu'aiqly,3,1520,2440,920,https://audio-cdn.tarteel.ai/quran/maherAlMuaiqly/082007.mp3
82,Al-Infitar,7,Maher Al-Mu'aiqly,4,2600,3680,1080,https://audio-cdn.tarteel.ai/quran/maherAlMuaiqly/082007.mp3
82,Al-Infitar,8,Maher Al-Mu'aiqly,1,0,70,70,https://audio-cdn.tarteel.ai/quran/maherAlMuaiqly/082008.mp3
82,Al-Infitar,8,Maher Al-Mu'aiqly,2,960,1120,160,https://audio-cdn.tarteel.ai/quran/maherAlMuaiqly/082008.mp3
82,Al-Infitar,8,Maher Al-Mu'aiqly,3,1680,2400,720,https://audio-cdn.tarteel.ai/quran/maherAlMuaiqly/082008.mp3
82,Al-Infitar,8,Maher Al-Mu'aiqly,4,2650,2750,100,https://audio-cdn.tarteel.ai/quran/maherAlMuaiqly/082008.mp3
82,Al-Infitar,8,Maher Al-Mu'aiqly,5,3160,3360,200,https://audio-cdn.tarteel.ai/quran/maherAlMuaiqly/082008.mp3
82,Al-Infitar,8,Maher Al-Mu'aiqly,6,4760,5800,1040,https://audio-cdn.tarteel.ai/quran/maherAlMuaiqly/082008.mp3
82,Al-Infitar,9,Maher Al-Mu'aiqly,1,0,320,320,https://audio-cdn.tarteel.ai/quran/maherAlMuaiqly/082009.mp3
82,Al-Infitar,9,Maher Al-Mu'aiqly,2,450,550,100,https://audio-cdn.tarteel.ai/quran/maherAlMuaiqly/082009.mp3
82,Al-Infitar,9,Maher Al-Mu'aiqly,3,1120,1800,680,https://audio-cdn.tarteel.ai/quran/maherAlMuaiqly/082009.mp3
82,Al-Infitar,9,Maher Al-Mu'aiqly,4,2200,3920,1720,https://audio-cdn.tarteel.ai/quran/maherAlMuaiqly/082009.mp3
82,Al-Infitar,10,Maher Al-Mu'aiqly,1,0,70,70,https://audio-cdn.tarteel.ai/quran/maherAlMuaiqly/082010.mp3
82,Al-Infitar,10,Maher Al-Mu'aiqly,2,1040,1400,360,https://audio-cdn.tarteel.ai/quran/maherAlMuaiqly/082010.mp3
82,Al-Infitar,10,Maher Al-Mu'aiqly,3,1640,3560,1920,https://audio-cdn.tarteel.ai/quran/maherAlMuaiqly/082010.mp3
82,Al-Infitar,11,Maher Al-Mu'aiqly,1,0,520,520,https://audio-cdn.tarteel.ai/quran/maherAlMuaiqly/082011.mp3
82,Al-Infitar,11,Maher Al-Mu'aiqly,2,1080,2440,1360,https://audio-cdn.tarteel.ai/quran/maherAlMuaiqly/082011.mp3
82,Al-Infitar,12,Maher Al-Mu'aiqly,1,490,590,100,https://audio-cdn.tarteel.ai/quran/maherAlMuaiqly/082012.mp3
82,Al-Infitar,12,Maher Al-Mu'aiqly,2,810,910,100,https://audio-cdn.tarteel.ai/quran/maherAlMuaiqly/082012.mp3
82,Al-Infitar,12,Maher Al-Mu'aiqly,3,1160,2800,1640,https://audio-cdn.tarteel.ai/quran/maherAlMuaiqly/082012.mp3
82,Al-Infitar,13,Maher Al-Mu'aiqly,1,0,70,70,https://audio-cdn.tarteel.ai/quran/maherAlMuaiqly/082013.mp3
82,Al-Infitar,13,Maher Al-Mu'aiqly,2,720,1560,840,https://audio-cdn.tarteel.ai/quran/maherAlMuaiqly/082013.mp3
82,Al-Infitar,13,Maher Al-Mu'aiqly,3,1680,1880,200,https://audio-cdn.tarteel.ai/quran/maherAlMuaiqly/082013.mp3
82,Al-Infitar,13,Maher Al-Mu'aiqly,4,2200,3760,1560,https://audio-cdn.tarteel.ai/quran/maherAlMuaiqly/082013.mp3
82,Al-Infitar,14,Maher Al-Mu'aiqly,1,0,70,70,https://audio-cdn.tarteel.ai/quran/maherAlMuaiqly/082014.mp3
82,Al-Infitar,14,Maher Al-Mu'aiqly,2,960,1720,760,https://audio-cdn.tarteel.ai/quran/maherAlMuaiqly/082014.mp3
82,Al-Infitar,14,Maher Al-Mu'aiqly,3,1840,2080,240,https://audio-cdn.tarteel.ai/quran/maherAlMuaiqly/082014.mp3
82,Al-Infitar,14,Maher Al-Mu'aiqly,4,2400,3880,1480,https://audio-cdn.tarteel.ai/quran/maherAlMuaiqly/082014.mp3
82,Al-Infitar,15,Maher Al-Mu'aiqly,1,0,880,880,https://audio-cdn.tarteel.ai/quran/maherAlMuaiqly/082015.mp3
82,Al-Infitar,15,Maher Al-Mu'aiqly,2,1090,1190,100,https://audio-cdn.tarteel.ai/quran/maherAlMuaiqly/082015.mp3
82,Al-Infitar,15,Maher Al-Mu'aiqly,3,1880,3200,1320,https://audio-cdn.tarteel.ai/quran/maherAlMuaiqly/082015.mp3
82,Al-Infitar,16,Maher Al-Mu'aiqly,1,0,70,70,https://audio-cdn.tarteel.ai/quran/maherAlMuaiqly/082016.mp3
82,Al-Infitar,16,Maher Al-Mu'aiqly,2,360,480,120,https://audio-cdn.tarteel.ai/quran/maherAlMuaiqly/082016.mp3
82,Al-Infitar,16,Maher Al-Mu'aiqly,3,760,1160,400,https://audio-cdn.tarteel.ai/quran/maherAlMuaiqly/082016.mp3
82,Al-Infitar,16,Maher Al-Mu'aiqly,4,1440,4880,3440,https://audio-cdn.tarteel.ai/quran/maherAlMuaiqly/082016.mp3
82,Al-Infitar,17,Maher Al-Mu'aiqly,1,0,70,70,https://audio-cdn.tarteel.ai/quran/maherAlMuaiqly/082017.mp3
82,Al-Infitar,17,Maher Al-Mu'aiqly,2,1960,2520,560,https://audio-cdn.tarteel.ai/quran/maherAlMuaiqly/082017.mp3
82,Al-Infitar,17,Maher Al-Mu'aiqly,3,2690,2790,100,https://audio-cdn.tarteel.ai/quran/maherAlMuaiqly/082017.mp3
82,Al-Infitar,17,Maher Al-Mu'aiqly,4,3040,3480,440,https://audio-cdn.tarteel.ai/quran/maherAlMuaiqly/082017.mp3
82,Al-Infitar,17,Maher Al-Mu'aiqly,5,3800,5360,1560,https://audio-cdn.tarteel.ai/quran/maherAlMuaiqly/082017.mp3
82,Al-Infitar,18,Maher Al-Mu'aiqly,1,0,680,680,https://audio-cdn.tarteel.ai/quran/maherAlMuaiqly/082018.mp3
82,Al-Infitar,18,Maher Al-Mu'aiqly,2,930,1030,100,https://audio-cdn.tarteel.ai/quran/maherAlMuaiqly/082018.mp3
82,Al-Infitar,18,Maher Al-Mu'aiqly,3,2840,3440,600,https://audio-cdn.tarteel.ai/quran/maherAlMuaiqly/082018.mp3
82,Al-Infitar,18,Maher Al-Mu'aiqly,4,3610,3710,100,https://audio-cdn.tarteel.ai/quran/maherAlMuaiqly/082018.mp3
82,Al-Infitar,18,Maher Al-Mu'aiqly,5,3920,4400,480,https://audio-cdn.tarteel.ai/quran/maherAlMuaiqly/082018.mp3
82,Al-Infitar,18,Maher Al-Mu'aiqly,6,4720,5840,1120,https://audio-cdn.tarteel.ai/quran/maherAlMuaiqly/082018.mp3
82,Al-Infitar,19,Maher Al-Mu'aiqly,1,0,70,70,https://audio-cdn.tarteel.ai/quran/maherAlMuaiqly/082019.mp3
82,Al-Infitar,19,Maher Al-Mu'aiqly,2,530,630,100,https://audio-cdn.tarteel.ai/quran/maherAlMuaiqly/082019.mp3
82,Al-Infitar,19,Maher Al-Mu'aiqly,3,840,1600,760,https://audio-cdn.tarteel.ai/quran/maherAlMuaiqly/082019.mp3
82,Al-Infitar,19,Maher Al-Mu'aiqly,4,2000,2160,160,https://audio-cdn.tarteel.ai/quran/maherAlMuaiqly/082019.mp3
82,Al-Infitar,19,Maher Al-Mu'aiqly,5,2360,3000,640,https://audio-cdn.tarteel.ai/quran/maherAlMuaiqly/082019.mp3
82,Al-Infitar,19,Maher Al-Mu'aiqly,6,3770,3870,100,https://audio-cdn.tarteel.ai/quran/maherAlMuaiqly/082019.mp3
82,Al-Infitar,19,Maher Al-Mu'aiqly,7,5320,6160,840,https://audio-cdn.tarteel.ai/quran/maherAlMuaiqly/082019.mp3
82,Al-Infitar,19,Maher Al-Mu'aiqly,8,6320,7360,1040,https://audio-cdn.tarteel.ai/quran/maherAlMuaiqly/082019.mp3
82,Al-Infitar,19,Maher Al-Mu'aiqly,9,8090,8190,100,https://audio-cdn.tarteel.ai/quran/maherAlMuaiqly/082019.mp3
85,Al-Buruj,1,Maher Al-Mu'aiqly,1,0,2440,2440,https://audio-cdn.tarteel.ai/quran/maherAlMuaiqly/085001.mp3
85,Al-Buruj,1,Maher Al-Mu'aiqly,2,2600,3080,480,https://audio-cdn.tarteel.ai/quran/maherAlMuaiqly/085001.mp3
85,Al-Buruj,1,Maher Al-Mu'aiqly,3,3240,4080,840,https://audio-cdn.tarteel.ai/quran/maherAlMuaiqly/085001.mp3
85,Al-Buruj,2,Maher Al-Mu'aiqly,1,0,640,640,https://audio-cdn.tarteel.ai/quran/maherAlMuaiqly/085002.mp3
85,Al-Buruj,2,Maher Al-Mu'aiqly,2,920,1760,840,https://audio-cdn.tarteel.ai/quran/maherAlMuaiqly/085002.mp3
85,Al-Buruj,3,Maher Al-Mu'aiqly,1,0,800,800,https://audio-cdn.tarteel.ai/quran/maherAlMuaiqly/085003.mp3
85,Al-Buruj,3,Maher Al-Mu'aiqly,2,1400,3200,1800,https://audio-cdn.tarteel.ai/quran/maherAlMuaiqly/085003.mp3
85,Al-Buruj,4,Maher Al-Mu'aiqly,1,0,360,360,https://audio-cdn.tarteel.ai/quran/maherAlMuaiqly/085004.mp3
85,Al-Buruj,4,Maher Al-Mu'aiqly,2,800,1160,360,https://audio-cdn.tarteel.ai/quran/maherAlMuaiqly/085004.mp3
85,Al-Buruj,4,Maher Al-Mu'aiqly,3,1280,3520,2240,https://audio-cdn.tarteel.ai/quran/maherAlMuaiqly/085004.mp3
85,Al-Buruj,5,Maher Al-Mu'aiqly,1,290,390,100,https://audio-cdn.tarteel.ai/quran/maherAlMuaiqly/085005.mp3
85,Al-Buruj,5,Maher Al-Mu'aiqly,2,880,1320,440,https://audio-cdn.tarteel.ai/quran/maherAlMuaiqly/085005.mp3
85,Al-Buruj,5,Maher Al-Mu'aiqly,3,1440,3120,1680,https://audio-cdn.tarteel.ai/quran/maherAlMuaiqly/085005.mp3
85,Al-Buruj,6,Maher Al-Mu'aiqly,1,0,70,70,https://audio-cdn.tarteel.ai/quran/maherAlMuaiqly/085006.mp3
85,Al-Buruj,6,Maher Al-Mu'aiqly,2,160,320,160,https://audio-cdn.tarteel.ai/quran/maherAlMuaiqly/085006.mp3
85,Al-Buruj,6,Maher Al-Mu'aiqly,3,760,1080,320,https://audio-cdn.tarteel.ai/quran/maherAlMuaiqly/085006.mp3
85,Al-Buruj,6,Maher Al-Mu'aiqly,4,1240,2640,1400,https://audio-cdn.tarteel.ai/quran/maherAlMuaiqly/085006.mp3
85,Al-Buruj,7,Maher Al-Mu'aiqly,1,0,200,200,https://audio-cdn.tarteel.ai/quran/maherAlMuaiqly/085007.mp3
85,Al-Buruj,7,Maher Al-Mu'aiqly,2,440,680,240,https://audio-cdn.tarteel.ai/quran/maherAlMuaiqly/085007.mp3
85,Al-Buruj,7,Maher Al-Mu'aiqly,3,810,910,100,https://audio-cdn.tarteel.ai/quran/maherAlMuaiqly/085007.mp3
85,Al-Buruj,7,Maher Al-Mu'aiqly,4,1200,1960,760,https://audio-cdn.tarteel.ai/quran/maherAlMuaiqly/085007.mp3
85,Al-Buruj,7,Maher Al-Mu'aiqly,5,2280,3200,920,https://audio-cdn.tarteel.ai/quran/maherAlMuaiqly/085007.mp3
85,Al-Buruj,7,Maher Al-Mu'aiqly,6,3640,4760,1120,https://audio-cdn.tarteel.ai/quran/maherAlMuaiqly/085007.mp3
85,Al-Buruj,8,Maher Al-Mu'aiqly,1,0,70,70,https://audio-cdn.tarteel.ai/quran/maherAlMuaiqly/085008.mp3
85,Al-Buruj,8,Maher Al-Mu'aiqly,2,400,1000,600,https://audio-cdn.tarteel.ai/quran/maherAlMuaiqly/085008.mp3
85,Al-Buruj,8,Maher Al-Mu'aiqly,3,1160,1520,360,https://audio-cdn.tarteel.ai/quran/maherAlMuaiqly/085008.mp3
85,Al-Buruj,8,Maher Al-Mu'aiqly,4,1800,2200,400,https://audio-cdn.tarteel.ai/quran/maherAlMuaiqly/085008.mp3
85,Al-Buruj,8,Maher Al-Mu'aiqly,5,3170,3270,100,https://audio-cdn.tarteel.ai/quran/maherAlMuaiqly/085008.mp3
85,Al-Buruj,8,Maher Al-Mu'aiqly,6,3840,4560,720,https://audio-cdn.tarteel.ai/quran/maherAlMuaiqly/085008.mp3
85,Al-Buruj,8,Maher Al-Mu'aiqly,7,5040,5400,360,https://audio-cdn.tarteel.ai/quran/maherAlMuaiqly/085008.mp3
85,Al-Buruj,8,Maher Al-Mu'aiqly,8,5960,6360,400,https://audio-cdn.tarteel.ai/quran/maherAlMuaiqly/085008.mp3
85,Al-Buruj,8,Maher Al-Mu'aiqly,9,6640,7760,1120,https://audio-cdn.tarteel.ai/quran/maherAlMuaiqly/085008.mp3
85,Al-Buruj,9,Maher Al-Mu'aiqly,1,0,70,70,https://audio-cdn.tarteel.ai/quran/maherAlMuaiqly/085009.mp3
85,Al-Buruj,9,Maher Al-Mu'aiqly,2,930,1030,100,https://audio-cdn.tarteel.ai/quran/maherAlMuaiqly/085009.mp3
85,Al-Buruj,9,Maher Al-Mu'aiqly,3,1280,1680,400,https://audio-cdn.tarteel.ai/quran/maherAlMuaiqly/085009.mp3
85,Al-Buruj,9,Maher Al-Mu'aiqly,4,1960,2840,880,https://audio-cdn.tarteel.ai/quran/maherAlMuaiqly/085009.mp3
85,Al-Buruj,9,Maher Al-Mu'aiqly,5,3040,3720,680,https://audio-cdn.tarteel.ai/quran/maherAlMuaiqly/085009.mp3
85,Al-Buruj,9,Maher Al-Mu'aiqly,6,3880,4160,280,https://audio-cdn.tarteel.ai/quran/maherAlMuaiqly/085009.mp3
85,Al-Buruj,9,Maher Al-Mu'aiqly,7,4720,5000,280,https://audio-cdn.tarteel.ai/quran/maherAlMuaiqly/085009.mp3
85,Al-Buruj,9,Maher Al-Mu'aiqly,8,5170,5270,100,https://audio-cdn.tarteel.ai/quran/maherAlMuaiqly/085009.mp3
85,Al-Buruj,9,Maher Al-Mu'aiqly,9,5800,6280,480,https://audio-cdn.tarteel.ai/quran/maherAlMuaiqly/085009.mp3
85,Al-Buruj,9,Maher Al-Mu'aiqly,10,6760,8080,1320,https://audio-cdn.tarteel.ai/quran/maherAlMuaiqly/085009.mp3
85,Al-Buruj,10,Maher Al-Mu'aiqly,1,0,70,70,https://audio-cdn.tarteel.ai/quran/maherAlMuaiqly/085010.mp3
85,Al-Buruj,10,Maher Al-Mu'aiqly,2,680,1040,360,https://audio-cdn.tarteel.ai/quran/maherAlMuaiqly/085010.mp3
85,Al-Buruj,10,Maher Al-Mu'aiqly,3,1400,1920,520,https://audio-cdn.tarteel.ai/quran/maherAlMuaiqly/085010.mp3
85,Al-Buruj,10,Maher Al-Mu'aiqly,4,2690,2790,100,https://audio-cdn.tarteel.ai/quran/maherAlMuaiqly/085010.mp3
85,Al-Buruj,10,Maher Al-Mu'aiqly,5,3120,4320,1200,https://audio-cdn.tarteel.ai/quran/maherAlMuaiqly/085010.mp3
85,Al-Buruj,10,Maher Al-Mu'aiqly,6,4480,4920,440,https://audio-cdn.tarteel.ai/quran/maherAlMuaiqly/085010.mp3
85,Al-Buruj,10,Maher Al-Mu'aiqly,7,5120,5400,280,https://audio-cdn.tarteel.ai/quran/maherAlMuaiqly/085010.mp3
85,Al-Buruj,10,Maher Al-Mu'aiqly,8,5480,8600,3120,https://audio-cdn.tarteel.ai/quran/maherAlMuaiqly/085010.mp3
85,Al-Buruj,10,Maher Al-Mu'aiqly,9,8760,9200,440,https://audio-cdn.tarteel.ai/quran/maherAlMuaiqly/085010.mp3
85,Al-Buruj,10,Maher Al-Mu'aiqly,10,9640,10000,360,https://audio-cdn.tarteel.ai/quran/maherAlMuaiqly/085010.mp3
85,Al-Buruj,10,Maher Al-Mu'aiqly,11,10400,11240,840,https://audio-cdn.tarteel.ai/quran/maherAlMuaiqly/085010.mp3
85,Al-Buruj,10,Maher Al-Mu'aiqly,12,11400,11800,400,https://audio-cdn.tarteel.ai/quran/maherAlMuaiqly/085010.mp3
85,Al-Buruj,10,Maher Al-Mu'aiqly,13,12240,12680,440,https://audio-cdn.tarteel.ai/quran/maherAlMuaiqly/085010.mp3
85,Al-Buruj,10,Maher Al-Mu'aiqly,14,12960,14200,1240,https://audio-cdn.tarteel.ai/quran/maherAlMuaiqly/085010.mp3
85,Al-Buruj,11,Maher Al-Mu'aiqly,1,0,70,70,https://audio-cdn.tarteel.ai/quran/maherAlMuaiqly/085011.mp3
85,Al-Buruj,11,Maher Al-Mu'aiqly,2,600,1000,400,https://audio-cdn.tarteel.ai/quran/maherAlMuaiqly/085011.mp3
85,Al-Buruj,11,Maher Al-Mu'aiqly,3,1680,2000,320,https://audio-cdn.tarteel.ai/quran/maherAlMuaiqly/085011.mp3
85,Al-Buruj,11,Maher Al-Mu'aiqly,4,2200,2840,640,https://audio-cdn.tarteel.ai/quran/maherAlMuaiqly/085011.mp3
85,Al-Buruj,11,Maher Al-Mu'aiqly,5,3120,3960,840,https://audio-cdn.tarteel.ai/quran/maherAlMuaiqly/085011.mp3
85,Al-Buruj,11,Maher Al-Mu'aiqly,6,4290,4390,100,https://audio-cdn.tarteel.ai/quran/maherAlMuaiqly/085011.mp3
85,Al-Buruj,11,Maher Al-Mu'aiqly,7,4600,8400,3800,https://audio-cdn.tarteel.ai/quran/maherAlMuaiqly/085011.mp3
85,Al-Buruj,11,Maher Al-Mu'aiqly,8,8890,8990,100,https://audio-cdn.tarteel.ai/quran/maherAlMuaiqly/085011.mp3
85,Al-Buruj,11,Maher Al-Mu'aiqly,9,9770,9870,100,https://audio-cdn.tarteel.ai/quran/maherAlMuaiqly/085011.mp3
85,Al-Buruj,11,Maher Al-Mu'aiqly,10,10280,11080,800,https://audio-cdn.tarteel.ai/quran/maherAlMuaiqly/085011.mp3
85,Al-Buruj,11,Maher Al-Mu'aiqly,11,11680,12320,640,https://audio-cdn.tarteel.ai/quran/maherAlMuaiqly/085011.mp3
85,Al-Buruj,11,Maher Al-Mu'aiqly,12,12640,13240,600,https://audio-cdn.tarteel.ai/quran/maherAlMuaiqly/085011.mp3
85,Al-Buruj,11,Maher Al-Mu'aiqly,13,13560,14040,480,https://audio-cdn.tarteel.ai/quran/maherAlMuaiqly/085011.mp3
85,Al-Buruj,11,Maher Al-Mu'aiqly,14,14160,15520,1360,https://audio-cdn.tarteel.ai/quran/maherAlMuaiqly/085011.mp3
85,Al-Buruj,12,Maher Al-Mu'aiqly,1,0,70,70,https://audio-cdn.tarteel.ai/quran/maherAlMuaiqly/085012.mp3
85,Al-Buruj,12,Maher Al-Mu'aiqly,2,840,1400,560,https://audio-cdn.tarteel.ai/quran/maherAlMuaiqly/085012.mp3
85,Al-Buruj,12,Maher Al-Mu'aiqly,3,1800,2080,280,https://audio-cdn.tarteel.ai/quran/maherAlMuaiqly/085012.mp3
85,Al-Buruj,12,Maher Al-Mu'aiqly,4,2200,3920,1720,https://audio-cdn.tarteel.ai/quran/maherAlMuaiqly/085012.mp3
85,Al-Buruj,13,Maher Al-Mu'aiqly,1,0,70,70,https://audio-cdn.tarteel.ai/quran/maherAlMuaiqly/085013.mp3
85,Al-Buruj,13,Maher Al-Mu'aiqly,2,840,1120,280,https://audio-cdn.tarteel.ai/quran/maherAlMuaiqly/085013.mp3
85,Al-Buruj,13,Maher Al-Mu'aiqly,3,1240,1920,680,https://audio-cdn.tarteel.ai/quran/maherAlMuaiqly/085013.mp3
85,Al-Buruj,13,Maher Al-Mu'aiqly,4,2000,3400,1400,https://audio-cdn.tarteel.ai/quran/maherAlMuaiqly/085013.mp3
85,Al-Buruj,14,Maher Al-Mu'aiqly,1,0,360,360,https://audio-cdn.tarteel.ai/quran/maherAlMuaiqly/085014.mp3
85,Al-Buruj,14,Maher Al-Mu'aiqly,2,640,1240,600,https://audio-cdn.tarteel.ai/quran/maherAlMuaiqly/085014.mp3
85,Al-Buruj,14,Maher Al-Mu'aiqly,3,1360,3120,1760,https://audio-cdn.tarteel.ai/quran/maherAlMuaiqly/085014.mp3
85,Al-Buruj,15,Maher Al-Mu'aiqly,1,0,120,120,https://audio-cdn.tarteel.ai/quran/maherAlMuaiqly/085015.mp3
85,Al-Buruj,15,Maher Al-Mu'aiqly,2,560,720,160,https://audio-cdn.tarteel.ai/quran/maherAlMuaiqly/085015.mp3
85,Al-Buruj,15,Maher Al-Mu'aiqly,3,960,2520,1560,https://audio-cdn.tarteel.ai/quran/maherAlMuaiqly/085015.mp3
85,Al-Buruj,16,Maher Al-Mu'aiqly,1,0,800,800,https://audio-cdn.tarteel.ai/quran/maherAlMuaiqly/085016.mp3
85,Al-Buruj,16,Maher Al-Mu'aiqly,2,1120,1320,200,https://audio-cdn.tarteel.ai/quran/maherAlMuaiqly/085016.mp3
85,Al-Buruj,16,Maher Al-Mu'aiqly,3,1570,1670,100,https://audio-cdn.tarteel.ai/quran/maherAlMuaiqly/085016.mp3
85,Al-Buruj,17,Maher Al-Mu'aiqly,1,0,200,200,https://audio-cdn.tarteel.ai/quran/maherAlMuaiqly/085017.mp3
85,Al-Buruj,17,Maher Al-Mu'aiqly,2,240,800,560,https://audio-cdn.tarteel.ai/quran/maherAlMuaiqly/085017.mp3
85,Al-Buruj,17,Maher Al-Mu'aiqly,3,880,1560,680,https://audio-cdn.tarteel.ai/quran/maherAlMuaiqly/085017.mp3
85,Al-Buruj,17,Maher Al-Mu'aiqly,4,1720,3120,1400,https://audio-cdn.tarteel.ai/quran/maherAlMuaiqly/085017.mp3
85,Al-Buruj,18,Maher Al-Mu'aiqly,1,0,640,640,https://audio-cdn.tarteel.ai/quran/maherAlMuaiqly/085018.mp3
85,Al-Buruj,18,Maher Al-Mu'aiqly,2,760,2440,1680,https://audio-cdn.tarteel.ai/quran/maherAlMuaiqly/085018.mp3
85,Al-Buruj,19,Maher Al-Mu'aiqly,1,0,200,200,https://audio-cdn.tarteel.ai/quran/maherAlMuaiqly/085019.mp3
85,Al-Buruj,19,Maher Al-Mu'aiqly,2,320,680,360,https://audio-cdn.tarteel.ai/quran/maherAlMuaiqly/085019.mp3
85,Al-Buruj,19,Maher Al-Mu'aiqly,3,1040,1560,520,https://audio-cdn.tarteel.ai/quran/maherAlMuaiqly/085019.mp3
85,Al-Buruj,19,Maher Al-Mu'aiqly,4,1730,1830,100,https://audio-cdn.tarteel.ai/quran/maherAlMuaiqly/085019.mp3
85,Al-Buruj,19,Maher Al-Mu'aiqly,5,2120,3640,1520,https://audio-cdn.tarteel.ai/quran/maherAlMuaiqly/085019.mp3
85,Al-Buruj,20,Maher Al-Mu'aiqly,1,0,320,320,https://audio-cdn.tarteel.ai/quran/maherAlMuaiqly/085020.mp3
85,Al-Buruj,20,Maher Al-Mu'aiqly,2,810,910,100,https://audio-cdn.tarteel.ai/quran/maherAlMuaiqly/085020.mp3
85,Al-Buruj,20,Maher Al-Mu'aiqly,3,1240,3280,2040,https://audio-cdn.tarteel.ai/quran/maherAlMuaiqly/085020.mp3
85,Al-Buruj,20,Maher Al-Mu'aiqly,4,3720,5720,2000,https://audio-cdn.tarteel.ai/quran/maherAlMuaiqly/085020.mp3
85,Al-Buruj,21,Maher Al-Mu'aiqly,1,0,70,70,https://audio-cdn.tarteel.ai/quran/maherAlMuaiqly/085021.mp3
85,Al-Buruj,21,Maher Al-Mu'aiqly,2,240,520,280,https://audio-cdn.tarteel.ai/quran/maherAlMuaiqly/085021.mp3
85,Al-Buruj,21,Maher Al-Mu'aiqly,3,560,1400,840,https://audio-cdn.tarteel.ai/quran/maherAlMuaiqly/085021.mp3
85,Al-Buruj,21,Maher Al-Mu'aiqly,4,2000,2960,960,https://audio-cdn.tarteel.ai/quran/maherAlMuaiqly/085021.mp3
85,Al-Buruj,22,Maher Al-Mu'aiqly,1,0,70,70,https://audio-cdn.tarteel.ai/quran/maherAlMuaiqly/085022.mp3
85,Al-Buruj,22,Maher Al-Mu'aiqly,2,280,760,480,https://audio-cdn.tarteel.ai/quran/maherAlMuaiqly/085022.mp3
85,Al-Buruj,22,Maher Al-Mu'aiqly,3,1200,3720,2520,https://audio-cdn.tarteel.ai/quran/maherAlMuaiqly/085022.mp3
86,At-Tariq,1,Maher Al-Mu'aiqly,1,0,2280,2280,https://audio-cdn.tarteel.ai/quran/maherAlMuaiqly/086001.mp3
86,At-Tariq,1,Maher Al-Mu'aiqly,2,2440,3800,1360,https://audio-cdn.tarteel.ai/quran/maherAlMuaiqly/086001.mp3
86,At-Tariq,2,Maher Al-Mu'aiqly,1,0,70,70,https://audio-cdn.tarteel.ai/quran/maherAlMuaiqly/086002.mp3
86,At-Tariq,2,Maher Al-Mu'aiqly,2,1680,2240,560,https://audio-cdn.tarteel.ai/quran/maherAlMuaiqly/086002.mp3
86,At-Tariq,2,Maher Al-Mu'aiqly,3,2410,2510,100,https://audio-cdn.tarteel.ai/quran/maherAlMuaiqly/086002.mp3
86,At-Tariq,2,Maher Al-Mu'aiqly,4,2600,3720,1120,https://audio-cdn.tarteel.ai/quran/maherAlMuaiqly/086002.mp3
86,At-Tariq,3,Maher Al-Mu'aiqly,1,360,880,520,https://audio-cdn.tarteel.ai/quran/maherAlMuaiqly/086003.mp3
86,At-Tariq,3,Maher Al-Mu'aiqly,2,1120,2120,1000,https://audio-cdn.tarteel.ai/quran/maherAlMuaiqly/086003.mp3
86,At-Tariq,4,Maher Al-Mu'aiqly,1,0,70,70,https://audio-cdn.tarteel.ai/quran/maherAlMuaiqly/086004.mp3
86,At-Tariq,4,Maher Al-Mu'aiqly,2,370,470,100,https://audio-cdn.tarteel.ai/quran/maherAlMuaiqly/086004.mp3
86,At-Tariq,4,Maher Al-Mu'aiqly,3,1400,1520,120,https://audio-cdn.tarteel.ai/quran/maherAlMuaiqly/086004.mp3
86,At-Tariq,4,Maher Al-Mu'aiqly,4,1760,2160,400,https://audio-cdn.tarteel.ai/quran/maherAlMuaiqly/086004.mp3
86,At-Tariq,4,Maher Al-Mu'aiqly,5,2760,3080,320,https://audio-cdn.tarteel.ai/quran/maherAlMuaiqly/086004.mp3
86,At-Tariq,4,Maher Al-Mu'aiqly,6,3320,4400,1080,https://audio-cdn.tarteel.ai/quran/maherAlMuaiqly/086004.mp3
86,At-Tariq,5,Maher Al-Mu'aiqly,1,0,1360,1360,https://audio-cdn.tarteel.ai/quran/maherAlMuaiqly/086005.mp3
86,At-Tariq,5,Maher Al-Mu'aiqly,2,1600,2920,1320,https://audio-cdn.tarteel.ai/quran/maherAlMuaiqly/086005.mp3
86,At-Tariq,5,Maher Al-Mu'aiqly,3,3050,3150,100,https://audio-cdn.tarteel.ai/quran/maherAlMuaiqly/086005.mp3
86,At-Tariq,5,Maher Al-Mu'aiqly,4,3760,4720,960,https://audio-cdn.tarteel.ai/quran/maherAlMuaiqly/086005.mp3
86,At-Tariq,6,Maher Al-Mu'aiqly,1,0,360,360,https://audio-cdn.tarteel.ai/quran/maherAlMuaiqly/086006.mp3
86,At-Tariq,6,Maher Al-Mu'aiqly,2,490,590,100,https://audio-cdn.tarteel.ai/quran/maherAlMuaiqly/086006.mp3
86,At-Tariq,6,Maher Al-Mu'aiqly,3,840,2360,1520,https://audio-cdn.tarteel.ai/quran/maherAlMuaiqly/086006.mp3
86,At-Tariq,6,Maher Al-Mu'aiqly,4,3000,4200,1200,https://audio-cdn.tarteel.ai/quran/maherAlMuaiqly/086006.mp3
86,At-Tariq,7,Maher Al-Mu'aiqly,1,0,600,600,https://audio-cdn.tarteel.ai/quran/maherAlMuaiqly/086007.mp3
86,At-Tariq,7,Maher Al-Mu'aiqly,2,730,830,100,https://audio-cdn.tarteel.ai/quran/maherAlMuaiqly/086007.mp3
86,At-Tariq,7,Maher Al-Mu'aiqly,3,1210,1310,100,https://audio-cdn.tarteel.ai/quran/maherAlMuaiqly/086007.mp3
86,At-Tariq,7,Maher Al-Mu'aiqly,4,2080,2520,440,https://audio-cdn.tarteel.ai/quran/maherAlMuaiqly/086007.mp3
86,At-Tariq,7,Maher Al-Mu'aiqly,5,2640,4920,2280,https://audio-cdn.tarteel.ai/quran/maherAlMuaiqly/086007.mp3
86,At-Tariq,8,Maher Al-Mu'aiqly,1,0,70,70,https://audio-cdn.tarteel.ai/quran/maherAlMuaiqly/086008.mp3
86,At-Tariq,8,Maher Al-Mu'aiqly,2,920,1200,280,https://audio-cdn.tarteel.ai/quran/maherAlMuaiqly/086008.mp3
86,At-Tariq,8,Maher Al-Mu'aiqly,3,1400,2080,680,https://audio-cdn.tarteel.ai/quran/maherAlMuaiqly/086008.mp3
86,At-Tariq,8,Maher Al-Mu'aiqly,4,2280,3400,1120,https://audio-cdn.tarteel.ai/quran/maherAlMuaiqly/086008.mp3
86,At-Tariq,9,Maher Al-Mu'aiqly,1,0,70,70,https://audio-cdn.tarteel.ai/quran/maherAlMuaiqly/086009.mp3
86,At-Tariq,9,Maher Al-Mu'aiqly,2,480,920,440,https://audio-cdn.tarteel.ai/quran/maherAlMuaiqly/086009.mp3
86,At-Tariq,9,Maher Al-Mu'aiqly,3,1200,2960,1760,https://audio-cdn.tarteel.ai/quran/maherAlMuaiqly/086009.mp3
86,At-Tariq,10,Maher Al-Mu'aiqly,1,0,70,70,https://audio-cdn.tarteel.ai/quran/maherAlMuaiqly/086010.mp3
86,At-Tariq,10,Maher Al-Mu'aiqly,2,650,750,100,https://audio-cdn.tarteel.ai/quran/maherAlMuaiqly/086010.mp3
86,At-Tariq,10,Maher Al-Mu'aiqly,3,930,1030,100,https://audio-cdn.tarteel.ai/quran/maherAlMuaiqly/086010.mp3
86,At-Tariq,10,Maher Al-Mu'aiqly,4,1360,2160,800,https://audio-cdn.tarteel.ai/quran/maherAlMuaiqly/086010.mp3
86,At-Tariq,10,Maher Al-Mu'aiqly,5,2690,2790,100,https://audio-cdn.tarteel.ai/quran/maherAlMuaiqly/086010.mp3
86,At-Tariq,10,Maher Al-Mu'aiqly,6,3240,4320,1080,https://audio-cdn.tarteel.ai/quran/maherAlMuaiqly/086010.mp3
86,At-Tariq,11,Maher Al-Mu'aiqly,1,0,2520,2520,https://audio-cdn.tarteel.ai/quran/maherAlMuaiqly/086011.mp3
86,At-Tariq,11,Maher Al-Mu'aiqly,2,2640,3160,520,https://audio-cdn.tarteel.ai/quran/maherAlMuaiqly/086011.mp3
86,At-Tariq,11,Maher Al-Mu'aiqly,3,3480,4160,680,https://audio-cdn.tarteel.ai/quran/maherAlMuaiqly/086011.mp3
86,At-Tariq,12,Maher Al-Mu'aiqly,1,0,600,600,https://audio-cdn.tarteel.ai/quran/maherAlMuaiqly/086012.mp3
86,At-Tariq,12,Maher Al-Mu'aiqly,2,680,1160,480,https://audio-cdn.tarteel.ai/quran/maherAlMuaiqly/086012.mp3
86,At-Tariq,12,Maher Al-Mu'aiqly,3,1520,2200,680,https://audio-cdn.tarteel.ai/quran/maherAlMuaiqly/086012.mp3
86,At-Tariq,13,Maher Al-Mu'aiqly,1,0,70,70,https://audio-cdn.tarteel.ai/quran/maherAlMuaiqly/086013.mp3
86,At-Tariq,13,Maher Al-Mu'aiqly,2,960,1640,680,https://audio-cdn.tarteel.ai/quran/maherAlMuaiqly/086013.mp3
86,At-Tariq,13,Maher Al-Mu'aiqly,3,2240,2960,720,https://audio-cdn.tarteel.ai/quran/maherAlMuaiqly/086013.mp3
86,At-Tariq,14,Maher Al-Mu'aiqly,1,0,70,70,https://audio-cdn.tarteel.ai/quran/maherAlMuaiqly/086014.mp3
86,At-Tariq,14,Maher Al-Mu'aiqly,2,400,640,240,https://audio-cdn.tarteel.ai/quran/maherAlMuaiqly/086014.mp3
86,At-Tariq,14,Maher Al-Mu'aiqly,3,800,1760,960,https://audio-cdn.tarteel.ai/quran/maherAlMuaiqly/086014.mp3
86,At-Tariq,15,Maher Al-Mu'aiqly,1,0,640,640,https://audio-cdn.tarteel.ai/quran/maherAlMuaiqly/086015.mp3
86,At-Tariq,15,Maher Al-Mu'aiqly,2,920,1680,760,https://audio-cdn.tarteel.ai/quran/maherAlMuaiqly/086015.mp3
86,At-Tariq,15,Maher Al-Mu'aiqly,3,2040,3240,1200,https://audio-cdn.tarteel.ai/quran/maherAlMuaiqly/086015.mp3
86,At-Tariq,16,Maher Al-Mu'aiqly,1,0,720,720,https://audio-cdn.tarteel.ai/quran/maherAlMuaiqly/086016.mp3
86,At-Tariq,16,Maher Al-Mu'aiqly,2,840,2040,1200,https://audio-cdn.tarteel.ai/quran/maherAlMuaiqly/086016.mp3
86,At-Tariq,17,Maher Al-Mu'aiqly,1,0,680,680,https://audio-cdn.tarteel.ai/quran/maherAlMuaiqly/086017.mp3
86,At-Tariq,17,Maher Al-Mu'aiqly,2,1450,1550,100,https://audio-cdn.tarteel.ai/quran/maherAlMuaiqly/086017.mp3
86,At-Tariq,17,Maher Al-Mu'aiqly,3,1960,2680,720,https://audio-cdn.tarteel.ai/quran/maherAlMuaiqly/086017.mp3
86,At-Tariq,17,Maher Al-Mu'aiqly,4,2920,5080,2160,https://audio-cdn.tarteel.ai/quran/maherAlMuaiqly/086017.mp3
97,Al-Qadr,1,Maher Al-Mu'aiqly,1,0,360,360,https://audio-cdn.tarteel.ai/quran/maherAlMuaiqly/097001.mp3
97,Al-Qadr,1,Maher Al-Mu'aiqly,2,1440,2800,1360,https://audio-cdn.tarteel.ai/quran/maherAlMuaiqly/097001.mp3
97,Al-Qadr,1,Maher Al-Mu'aiqly,3,2970,3070,100,https://audio-cdn.tarteel.ai/quran/maherAlMuaiqly/097001.mp3
97,Al-Qadr,1,Maher Al-Mu'aiqly,4,3320,3880,560,https://audio-cdn.tarteel.ai/quran/maherAlMuaiqly/097001.mp3
97,Al-Qadr,1,Maher Al-Mu'aiqly,5,4000,4680,680,https://audio-cdn.tarteel.ai/quran/maherAlMuaiqly/097001.mp3
97,Al-Qadr,2,Maher Al-Mu'aiqly,1,0,70,70,https://audio-cdn.tarteel.ai/quran/maherAlMuaiqly/097002.mp3
97,Al-Qadr,2,Maher Al-Mu'aiqly,2,1480,2040,560,https://audio-cdn.tarteel.ai/quran/maherAlMuaiqly/097002.mp3
97,Al-Qadr,2,Maher Al-Mu'aiqly,3,2210,2310,100,https://audio-cdn.tarteel.ai/quran/maherAlMuaiqly/097002.mp3
97,Al-Qadr,2,Maher Al-Mu'aiqly,4,2520,3080,560,https://audio-cdn.tarteel.ai/quran/maherAlMuaiqly/097002.mp3
97,Al-Qadr,2,Maher Al-Mu'aiqly,5,3200,3880,680,https://audio-cdn.tarteel.ai/quran/maherAlMuaiqly/097002.mp3
97,Al-Qadr,3,Maher Al-Mu'aiqly,1,0,480,480,https://audio-cdn.tarteel.ai/quran/maherAlMuaiqly/097003.mp3
97,Al-Qadr,3,Maher Al-Mu'aiqly,2,560,1160,600,https://audio-cdn.tarteel.ai/quran/maherAlMuaiqly/097003.mp3
97,Al-Qadr,3,Maher Al-Mu'aiqly,3,1240,1680,440,https://audio-cdn.tarteel.ai/quran/maherAlMuaiqly/097003.mp3
97,Al-Qadr,3,Maher Al-Mu'aiqly,4,1970,2070,100,https://audio-cdn.tarteel.ai/quran/maherAlMuaiqly/097003.mp3
97,Al-Qadr,3,Maher Al-Mu'aiqly,5,2360,2760,400,https://audio-cdn.tarteel.ai/quran/maherAlMuaiqly/097003.mp3
97,Al-Qadr,3,Maher Al-Mu'aiqly,6,2920,3400,480,https://audio-cdn.tarteel.ai/quran/maherAlMuaiqly/097003.mp3
97,Al-Qadr,4,Maher Al-Mu'aiqly,1,0,640,640,https://audio-cdn.tarteel.ai/quran/maherAlMuaiqly/097004.mp3
97,Al-Qadr,4,Maher Al-Mu'aiqly,2,880,2680,1800,https://audio-cdn.tarteel.ai/quran/maherAlMuaiqly/097004.mp3
97,Al-Qadr,4,Maher Al-Mu'aiqly,3,2840,3560,720,https://audio-cdn.tarteel.ai/quran/maherAlMuaiqly/097004.mp3
97,Al-Qadr,4,Maher Al-Mu'aiqly,4,3680,4080,400,https://audio-cdn.tarteel.ai/quran/maherAlMuaiqly/097004.mp3
97,Al-Qadr,4,Maher Al-Mu'aiqly,5,4870,4970,100,https://audio-cdn.tarteel.ai/quran/maherAlMuaiqly/097004.mp3
97,Al-Qadr,4,Maher Al-Mu'aiqly,6,5600,6080,480,https://audio-cdn.tarteel.ai/quran/maherAlMuaiqly/097004.mp3
97,Al-Qadr,4,Maher Al-Mu'aiqly,7,6130,6230,100,https://audio-cdn.tarteel.ai/quran/maherAlMuaiqly/097004.mp3
97,Al-Qadr,4,Maher Al-Mu'aiqly,8,6770,6870,100,https://audio-cdn.tarteel.ai/quran/maherAlMuaiqly/097004.mp3
97,Al-Qadr,4,Maher Al-Mu'aiqly,9,7520,8000,480,https://audio-cdn.tarteel.ai/quran/maherAlMuaiqly/097004.mp3
97,Al-Qadr,5,Maher Al-Mu'aiqly,1,0,560,560,https://audio-cdn.tarteel.ai/quran/maherAlMuaiqly/097005.mp3
97,Al-Qadr,5,Maher Al-Mu'aiqly,2,730,830,100,https://audio-cdn.tarteel.ai/quran/maherAlMuaiqly/097005.mp3
97,Al-Qadr,5,Maher Al-Mu'aiqly,3,1120,1520,400,https://audio-cdn.tarteel.ai/quran/maherAlMuaiqly/097005.mp3
97,Al-Qadr,5,Maher Al-Mu'aiqly,4,1760,2480,720,https://audio-cdn.tarteel.ai/quran/maherAlMuaiqly/097005.mp3
97,Al-Qadr,5,Maher Al-Mu'aiqly,5,2680,3720,1040,https://audio-cdn.tarteel.ai/quran/maherAlMuaiqly/097005.mp3
100,Al-Adiyat,1,Maher Al-Mu'aiqly,1,0,1080,1080,https://audio-cdn.tarteel.ai/quran/maherAlMuaiqly/100001.mp3
100,Al-Adiyat,1,Maher Al-Mu'aiqly,2,1160,2440,1280,https://audio-cdn.tarteel.ai/quran/maherAlMuaiqly/100001.mp3
100,Al-Adiyat,2,Maher Al-Mu'aiqly,1,0,1000,1000,https://audio-cdn.tarteel.ai/quran/maherAlMuaiqly/100002.mp3
100,Al-Adiyat,2,Maher Al-Mu'aiqly,2,1160,2280,1120,https://audio-cdn.tarteel.ai/quran/maherAlMuaiqly/100002.mp3
100,Al-Adiyat,3,Maher Al-Mu'aiqly,1,0,1120,1120,https://audio-cdn.tarteel.ai/quran/maherAlMuaiqly/100003.mp3
100,Al-Adiyat,3,Maher Al-Mu'aiqly,2,1200,2280,1080,https://audio-cdn.tarteel.ai/quran/maherAlMuaiqly/100003.mp3
100,Al-Adiyat,4,Maher Al-Mu'aiqly,1,0,680,680,https://audio-cdn.tarteel.ai/quran/maherAlMuaiqly/100004.mp3
100,Al-Adiyat,4,Maher Al-Mu'aiqly,2,970,1070,100,https://audio-cdn.tarteel.ai/quran/maherAlMuaiqly/100004.mp3
100,Al-Adiyat,4,Maher Al-Mu'aiqly,3,1240,2360,1120,https://audio-cdn.tarteel.ai/quran/maherAlMuaiqly/100004.mp3
100,Al-Adiyat,5,Maher Al-Mu'aiqly,1,0,680,680,https://audio-cdn.tarteel.ai/quran/maherAlMuaiqly/100005.mp3
100,Al-Adiyat,5,Maher Al-Mu'aiqly,2,970,1070,100,https://audio-cdn.tarteel.ai/quran/maherAlMuaiqly/100005.mp3
100,Al-Adiyat,5,Maher Al-Mu'aiqly,3,1280,2320,1040,https://audio-cdn.tarteel.ai/quran/maherAlMuaiqly/100005.mp3
100,Al-Adiyat,6,Maher Al-Mu'aiqly,1,0,70,70,https://audio-cdn.tarteel.ai/quran/maherAlMuaiqly/100006.mp3
100,Al-Adiyat,6,Maher Al-Mu'aiqly,2,760,2000,1240,https://audio-cdn.tarteel.ai/quran/maherAlMuaiqly/100006.mp3
100,Al-Adiyat,6,Maher Al-Mu'aiqly,3,2600,2920,320,https://audio-cdn.tarteel.ai/quran/maherAlMuaiqly/100006.mp3
100,Al-Adiyat,6,Maher Al-Mu'aiqly,4,3320,4320,1000,https://audio-cdn.tarteel.ai/quran/maherAlMuaiqly/100006.mp3
100,Al-Adiyat,7,Maher Al-Mu'aiqly,1,0,800,800,https://audio-cdn.tarteel.ai/quran/maherAlMuaiqly/100007.mp3
100,Al-Adiyat,7,Maher Al-Mu'aiqly,2,1080,1360,280,https://audio-cdn.tarteel.ai/quran/maherAlMuaiqly/100007.mp3
100,Al-Adiyat,7,Maher Al-Mu'aiqly,3,1520,2120,600,https://audio-cdn.tarteel.ai/quran/maherAlMuaiqly/100007.mp3
100,Al-Adiyat,7,Maher Al-Mu'aiqly,4,2280,3600,1320,https://audio-cdn.tarteel.ai/quran/maherAlMuaiqly/100007.mp3
100,Al-Adiyat,8,Maher Al-Mu'aiqly,1,0,800,800,https://audio-cdn.tarteel.ai/quran/maherAlMuaiqly/100008.mp3
100,Al-Adiyat,8,Maher Al-Mu'aiqly,2,1040,1680,640,https://audio-cdn.tarteel.ai/quran/maherAlMuaiqly/100008.mp3
100,Al-Adiyat,8,Maher Al-Mu'aiqly,3,1800,2360,560,https://audio-cdn.tarteel.ai/quran/maherAlMuaiqly/100008.mp3
100,Al-Adiyat,8,Maher Al-Mu'aiqly,4,2480,4160,1680,https://audio-cdn.tarteel.ai/quran/maherAlMuaiqly/100008.mp3
100,Al-Adiyat,9,Maher Al-Mu'aiqly,1,160,360,200,https://audio-cdn.tarteel.ai/quran/maherAlMuaiqly/100009.mp3
100,Al-Adiyat,9,Maher Al-Mu'aiqly,2,970,1070,100,https://audio-cdn.tarteel.ai/quran/maherAlMuaiqly/100009.mp3
100,Al-Adiyat,9,Maher Al-Mu'aiqly,3,1520,1640,120,https://audio-cdn.tarteel.ai/quran/maherAlMuaiqly/100009.mp3
100,Al-Adiyat,9,Maher Al-Mu'aiqly,4,1680,2400,720,https://audio-cdn.tarteel.ai/quran/maherAlMuaiqly/100009.mp3
100,Al-Adiyat,9,Maher Al-Mu'aiqly,5,2490,2590,100,https://audio-cdn.tarteel.ai/quran/maherAlMuaiqly/100009.mp3
100,Al-Adiyat,9,Maher Al-Mu'aiqly,6,2770,2870,100,https://audio-cdn.tarteel.ai/quran/maherAlMuaiqly/100009.mp3
100,Al-Adiyat,9,Maher Al-Mu'aiqly,7,3160,4480,1320,https://audio-cdn.tarteel.ai/quran/maherAlMuaiqly/100009.mp3
100,Al-Adiyat,10,Maher Al-Mu'aiqly,1,0,680,680,https://audio-cdn.tarteel.ai/quran/maherAlMuaiqly/100010.mp3
100,Al-Adiyat,10,Maher Al-Mu'aiqly,2,770,870,100,https://audio-cdn.tarteel.ai/quran/maherAlMuaiqly/100010.mp3
100,Al-Adiyat,10,Maher Al-Mu'aiqly,3,1010,1110,100,https://audio-cdn.tarteel.ai/quran/maherAlMuaiqly/100010.mp3
100,Al-Adiyat,10,Maher Al-Mu'aiqly,4,2970,3030,60,https://audio-cdn.tarteel.ai/quran/maherAlMuaiqly/100010.mp3
100,Al-Adiyat,11,Maher Al-Mu'aiqly,1,0,70,70,https://audio-cdn.tarteel.ai/quran/maherAlMuaiqly/100011.mp3
100,Al-Adiyat,11,Maher Al-Mu'aiqly,2,1280,1560,280,https://audio-cdn.tarteel.ai/quran/maherAlMuaiqly/100011.mp3
100,Al-Adiyat,11,Maher Al-Mu'aiqly,3,2640,2880,240,https://audio-cdn.tarteel.ai/quran/maherAlMuaiqly/100011.mp3
100,Al-Adiyat,11,Maher Al-Mu'aiqly,4,2960,3800,840,https://audio-cdn.tarteel.ai/quran/maherAlMuaiqly/100011.mp3
100,Al-Adiyat,11,Maher Al-Mu'aiqly,5,4040,6040,2000,https://audio-cdn.tarteel.ai/quran/maherAlMuaiqly/100011.mp3
109,Al-Kafirun,1,Maher Al-Mu'aiqly,1,0,90,90,https://audio-cdn.tarteel.ai/quran/maherAlMuaiqly/109001.mp3
109,Al-Kafirun,1,Maher Al-Mu'aiqly,2,270,370,100,https://audio-cdn.tarteel.ai/quran/maherAlMuaiqly/109001.mp3
109,Al-Kafirun,1,Maher Al-Mu'aiqly,3,360,2200,1840,https://audio-cdn.tarteel.ai/quran/maherAlMuaiqly/109001.mp3
109,Al-Kafirun,1,Maher Al-Mu'aiqly,4,2320,3800,1480,https://audio-cdn.tarteel.ai/quran/maherAlMuaiqly/109001.mp3
109,Al-Kafirun,2,Maher Al-Mu'aiqly,1,0,90,90,https://audio-cdn.tarteel.ai/quran/maherAlMuaiqly/109002.mp3
109,Al-Kafirun,2,Maher Al-Mu'aiqly,2,880,1720,840,https://audio-cdn.tarteel.ai/quran/maherAlMuaiqly/109002.mp3
109,Al-Kafirun,2,Maher Al-Mu'aiqly,3,1730,1830,100,https://audio-cdn.tarteel.ai/quran/maherAlMuaiqly/109002.mp3
109,Al-Kafirun,2,Maher Al-Mu'aiqly,4,2000,3440,1440,https://audio-cdn.tarteel.ai/quran/maherAlMuaiqly/109002.mp3
109,Al-Kafirun,3,Maher Al-Mu'aiqly,1,0,70,70,https://audio-cdn.tarteel.ai/quran/maherAlMuaiqly/109003.mp3
109,Al-Kafirun,3,Maher Al-Mu'aiqly,2,920,1600,680,https://audio-cdn.tarteel.ai/quran/maherAlMuaiqly/109003.mp3
109,Al-Kafirun,3,Maher Al-Mu'aiqly,3,2000,2720,720,https://audio-cdn.tarteel.ai/quran/maherAlMuaiqly/109003.mp3
109,Al-Kafirun,3,Maher Al-Mu'aiqly,4,3050,3150,100,https://audio-cdn.tarteel.ai/quran/maherAlMuaiqly/109003.mp3
109,Al-Kafirun,3,Maher Al-Mu'aiqly,5,3640,4680,1040,https://audio-cdn.tarteel.ai/quran/maherAlMuaiqly/109003.mp3
109,Al-Kafirun,4,Maher Al-Mu'aiqly,1,0,70,70,https://audio-cdn.tarteel.ai/quran/maherAlMuaiqly/109004.mp3
109,Al-Kafirun,4,Maher Al-Mu'aiqly,2,960,1320,360,https://audio-cdn.tarteel.ai/quran/maherAlMuaiqly/109004.mp3
109,Al-Kafirun,4,Maher Al-Mu'aiqly,3,1480,2080,600,https://audio-cdn.tarteel.ai/quran/maherAlMuaiqly/109004.mp3
109,Al-Kafirun,4,Maher Al-Mu'aiqly,4,2370,2470,100,https://audio-cdn.tarteel.ai/quran/maherAlMuaiqly/109004.mp3
109,Al-Kafirun,4,Maher Al-Mu'aiqly,5,2840,3480,640,https://audio-cdn.tarteel.ai/quran/maherAlMuaiqly/109004.mp3
109,Al-Kafirun,5,Maher Al-Mu'aiqly,1,0,70,70,https://audio-cdn.tarteel.ai/quran/maherAlMuaiqly/109005.mp3
109,Al-Kafirun,5,Maher Al-Mu'aiqly,2,1240,1880,640,https://audio-cdn.tarteel.ai/quran/maherAlMuaiqly/109005.mp3
109,Al-Kafirun,5,Maher Al-Mu'aiqly,3,2320,3000,680,https://audio-cdn.tarteel.ai/quran/maherAlMuaiqly/109005.mp3
109,Al-Kafirun,5,Maher Al-Mu'aiqly,4,3330,3430,100,https://audio-cdn.tarteel.ai/quran/maherAlMuaiqly/109005.mp3
109,Al-Kafirun,5,Maher Al-Mu'aiqly,5,4120,5160,1040,https://audio-cdn.tarteel.ai/quran/maherAlMuaiqly/109005.mp3
109,Al-Kafirun,6,Maher Al-Mu'aiqly,1,0,200,200,https://audio-cdn.tarteel.ai/quran/maherAlMuaiqly/109006.mp3
109,Al-Kafirun,6,Maher Al-Mu'aiqly,2,440,1000,560,https://audio-cdn.tarteel.ai/quran/maherAlMuaiqly/109006.mp3
109,Al-Kafirun,6,Maher Al-Mu'aiqly,3,1240,1680,440,https://audio-cdn.tarteel.ai/quran/maherAlMuaiqly/109006.mp3
109,Al-Kafirun,6,Maher Al-Mu'aiqly,4,1840,3080,1240,https://audio-cdn.tarteel.ai/quran/maherAlMuaiqly/109006.mp3
111,Al-Lahab,1,Maher Al-Mu'aiqly,1,0,440,440,https://audio-cdn.tarteel.ai/quran/maherAlMuaiqly/111001.mp3
111,Al-Lahab,1,Maher Al-Mu'aiqly,2,560,920,360,https://audio-cdn.tarteel.ai/quran/maherAlMuaiqly/111001.mp3
111,Al-Lahab,1,Maher Al-Mu'aiqly,3,2120,2560,440,https://audio-cdn.tarteel.ai/quran/maherAlMuaiqly/111001.mp3
111,Al-Lahab,1,Maher Al-Mu'aiqly,4,2840,3280,440,https://audio-cdn.tarteel.ai/quran/maherAlMuaiqly/111001.mp3
111,Al-Lahab,1,Maher Al-Mu'aiqly,5,3800,4840,1040,https://audio-cdn.tarteel.ai/quran/maherAlMuaiqly/111001.mp3
111,Al-Lahab,2,Maher Al-Mu'aiqly,1,0,70,70,https://audio-cdn.tarteel.ai/quran/maherAlMuaiqly/111002.mp3
111,Al-Lahab,2,Maher Al-Mu'aiqly,2,920,1600,680,https://audio-cdn.tarteel.ai/quran/maherAlMuaiqly/111002.mp3
111,Al-Lahab,2,Maher Al-Mu'aiqly,3,2050,2150,100,https://audio-cdn.tarteel.ai/quran/maherAlMuaiqly/111002.mp3
111,Al-Lahab,2,Maher Al-Mu'aiqly,4,2280,2840,560,https://audio-cdn.tarteel.ai/quran/maherAlMuaiqly/111002.mp3
111,Al-Lahab,2,Maher Al-Mu'aiqly,5,2970,3070,100,https://audio-cdn.tarteel.ai/quran/maherAlMuaiqly/111002.mp3
111,Al-Lahab,2,Maher Al-Mu'aiqly,6,3480,4280,800,https://audio-cdn.tarteel.ai/quran/maherAlMuaiqly/111002.mp3
111,Al-Lahab,3,Maher Al-Mu'aiqly,1,0,560,560,https://audio-cdn.tarteel.ai/quran/maherAlMuaiqly/111003.mp3
111,Al-Lahab,3,Maher Al-Mu'aiqly,2,760,1120,360,https://audio-cdn.tarteel.ai/quran/maherAlMuaiqly/111003.mp3
111,Al-Lahab,3,Maher Al-Mu'aiqly,3,1640,2280,640,https://audio-cdn.tarteel.ai/quran/maherAlMuaiqly/111003.mp3
111,Al-Lahab,3,Maher Al-Mu'aiqly,4,2440,3200,760,https://audio-cdn.tarteel.ai/quran/maherAlMuaiqly/111003.mp3
111,Al-Lahab,4,Maher Al-Mu'aiqly,1,0,840,840,https://audio-cdn.tarteel.ai/quran/maherAlMuaiqly/111004.mp3
111,Al-Lahab,4,Maher Al-Mu'aiqly,2,1040,2080,1040,https://audio-cdn.tarteel.ai/quran/maherAlMuaiqly/111004.mp3
111,Al-Lahab,4,Maher Al-Mu'aiqly,3,2400,3160,760,https://audio-cdn.tarteel.ai/quran/maherAlMuaiqly/111004.mp3
111,Al-Lahab,5,Maher Al-Mu'aiqly,1,0,70,70,https://audio-cdn.tarteel.ai/quran/maherAlMuaiqly/111005.mp3
111,Al-Lahab,5,Maher Al-Mu'aiqly,2,160,800,640,https://audio-cdn.tarteel.ai/quran/maherAlMuaiqly/111005.mp3
111,Al-Lahab,5,Maher Al-Mu'aiqly,3,1000,1480,480,https://audio-cdn.tarteel.ai/quran/maherAlMuaiqly/111005.mp3
111,Al-Lahab,5,Maher Al-Mu'aiqly,4,1770,1870,100,https://audio-cdn.tarteel.ai/quran/maherAlMuaiqly/111005.mp3
111,Al-Lahab,5,Maher Al-Mu'aiqly,5,2520,3640,1120,https://audio-cdn.tarteel.ai/quran/maherAlMuaiqly/111005.mp3
112,Al-Ikhlas,1,Maher Al-Mu'aiqly,1,0,70,70,https://audio-cdn.tarteel.ai/quran/maherAlMuaiqly/112001.mp3
112,Al-Ikhlas,1,Maher Al-Mu'aiqly,2,200,440,240,https://audio-cdn.tarteel.ai/quran/maherAlMuaiqly/112001.mp3
112,Al-Ikhlas,1,Maher Al-Mu'aiqly,3,610,710,100,https://audio-cdn.tarteel.ai/quran/maherAlMuaiqly/112001.mp3
112,Al-Ikhlas,1,Maher Al-Mu'aiqly,4,1320,1920,600,https://audio-cdn.tarteel.ai/quran/maherAlMuaiqly/112001.mp3
112,Al-Ikhlas,2,Maher Al-Mu'aiqly,1,170,270,100,https://audio-cdn.tarteel.ai/quran/maherAlMuaiqly/112002.mp3
112,Al-Ikhlas,2,Maher Al-Mu'aiqly,2,840,1560,720,https://audio-cdn.tarteel.ai/quran/maherAlMuaiqly/112002.mp3
112,Al-Ikhlas,3,Maher Al-Mu'aiqly,1,0,200,200,https://audio-cdn.tarteel.ai/quran/maherAlMuaiqly/112003.mp3
112,Al-Ikhlas,3,Maher Al-Mu'aiqly,2,280,680,400,https://audio-cdn.tarteel.ai/quran/maherAlMuaiqly/112003.mp3
112,Al-Ikhlas,3,Maher Al-Mu'aiqly,3,720,1080,360,https://audio-cdn.tarteel.ai/quran/maherAlMuaiqly/112003.mp3
112,Al-Ikhlas,3,Maher Al-Mu'aiqly,4,1200,2080,880,https://audio-cdn.tarteel.ai/quran/maherAlMuaiqly/112003.mp3
112,Al-Ikhlas,4,Maher Al-Mu'aiqly,1,0,280,280,https://audio-cdn.tarteel.ai/quran/maherAlMuaiqly/112004.mp3
112,Al-Ikhlas,4,Maher Al-Mu'aiqly,2,400,600,200,https://audio-cdn.tarteel.ai/quran/maherAlMuaiqly/112004.mp3
112,Al-Ikhlas,4,Maher Al-Mu'aiqly,3,970,1070,100,https://audio-cdn.tarteel.ai/quran/maherAlMuaiqly/112004.mp3
112,Al-Ikhlas,4,Maher Al-Mu'aiqly,4,1240,1720,480,https://audio-cdn.tarteel.ai/quran/maherAlMuaiqly/112004.mp3
112,Al-Ikhlas,4,Maher Al-Mu'aiqly,5,2160,2880,720,https://audio-cdn.tarteel.ai/quran/maherAlMuaiqly/112004.mp3
113,Al-Falaq,1,Maher Al-Mu'aiqly,1,0,70,70,https://audio-cdn.tarteel.ai/quran/maherAlMuaiqly/113001.mp3
113,Al-Falaq,1,Maher Al-Mu'aiqly,2,240,800,560,https://audio-cdn.tarteel.ai/quran/maherAlMuaiqly/113001.mp3
113,Al-Falaq,1,Maher Al-Mu'aiqly,3,850,950,100,https://audio-cdn.tarteel.ai/quran/maherAlMuaiqly/113001.mp3
113,Al-Falaq,1,Maher Al-Mu'aiqly,4,1680,2480,800,https://audio-cdn.tarteel.ai/quran/maherAlMuaiqly/113001.mp3
113,Al-Falaq,2,Maher Al-Mu'aiqly,1,0,70,70,https://audio-cdn.tarteel.ai/quran/maherAlMuaiqly/113002.mp3
113,Al-Falaq,2,Maher Al-Mu'aiqly,2,600,1200,600,https://audio-cdn.tarteel.ai/quran/maherAlMuaiqly/113002.mp3
113,Al-Falaq,2,Maher Al-Mu'aiqly,3,1290,1390,100,https://audio-cdn.tarteel.ai/quran/maherAlMuaiqly/113002.mp3
113,Al-Falaq,2,Maher Al-Mu'aiqly,4,1530,1630,100,https://audio-cdn.tarteel.ai/quran/maherAlMuaiqly/113002.mp3
113,Al-Falaq,3,Maher Al-Mu'aiqly,1,0,70,70,https://audio-cdn.tarteel.ai/quran/maherAlMuaiqly/113003.mp3
113,Al-Falaq,3,Maher Al-Mu'aiqly,2,600,1120,520,https://audio-cdn.tarteel.ai/quran/maherAlMuaiqly/113003.mp3
113,Al-Falaq,3,Maher Al-Mu'aiqly,3,1280,1880,600,https://audio-cdn.tarteel.ai/quran/maherAlMuaiqly/113003.mp3
113,Al-Falaq,3,Maher Al-Mu'aiqly,4,2280,2400,120,https://audio-cdn.tarteel.ai/quran/maherAlMuaiqly/113003.mp3
113,Al-Falaq,3,Maher Al-Mu'aiqly,5,2560,3320,760,https://audio-cdn.tarteel.ai/quran/maherAlMuaiqly/113003.mp3
113,Al-Falaq,4,Maher Al-Mu'aiqly,1,0,70,70,https://audio-cdn.tarteel.ai/quran/maherAlMuaiqly/113004.mp3
113,Al-Falaq,4,Maher Al-Mu'aiqly,2,720,1280,560,https://audio-cdn.tarteel.ai/quran/maherAlMuaiqly/113004.mp3
113,Al-Falaq,4,Maher Al-Mu'aiqly,3,1520,2520,1000,https://audio-cdn.tarteel.ai/quran/maherAlMuaiqly/113004.mp3
113,Al-Falaq,4,Maher Al-Mu'aiqly,4,2690,2790,100,https://audio-cdn.tarteel.ai/quran/maherAlMuaiqly/113004.mp3
113,Al-Falaq,4,Maher Al-Mu'aiqly,5,2880,3840,960,https://audio-cdn.tarteel.ai/quran/maherAlMuaiqly/113004.mp3
113,Al-Falaq,5,Maher Al-Mu'aiqly,1,0,70,70,https://audio-cdn.tarteel.ai/quran/maherAlMuaiqly/113005.mp3
113,Al-Falaq,5,Maher Al-Mu'aiqly,2,720,1280,560,https://audio-cdn.tarteel.ai/quran/maherAlMuaiqly/113005.mp3
113,Al-Falaq,5,Maher Al-Mu'aiqly,3,1440,2040,600,https://audio-cdn.tarteel.ai/quran/maherAlMuaiqly/113005.mp3
113,Al-Falaq,5,Maher Al-Mu'aiqly,4,2480,2600,120,https://audio-cdn.tarteel.ai/quran/maherAlMuaiqly/113005.mp3
113,Al-Falaq,5,Maher Al-Mu'aiqly,5,2760,3760,1000,https://audio-cdn.tarteel.ai/quran/maherAlMuaiqly/113005.mp3
